/usatlas/u/yuhanguo/usatlasdata/pythia_fullsim_test_sample/mc_trig_eff_hists_pp24_medium_wp.root	/usatlas/u/yuhanguo/usatlasdata/pythia_fullsim_test_sample/mc_trig_eff/hists/mc_trig_eff_hists_pp24_medium_wp.root
/usatlas/u/yuhanguo/usatlasdata/pythia_fullsim_test_sample/mc_trig_eff_hists_pp24_medium_wp_step3.root	/usatlas/u/yuhanguo/usatlasdata/pythia_fullsim_test_sample/mc_trig_eff/hists/mc_trig_eff_hists_pp24_medium_wp_step3.root
/usatlas/u/yuhanguo/usatlasdata/pythia_fullsim_test_sample/mc_trig_eff_hists_pp24.root	/usatlas/u/yuhanguo/usatlasdata/pythia_fullsim_test_sample/mc_trig_eff/hists/mc_trig_eff_hists_pp24.root
/usatlas/u/yuhanguo/usatlasdata/pythia_fullsim_test_sample/mc_trig_eff_hists_pp24_step3.root	/usatlas/u/yuhanguo/usatlasdata/pythia_fullsim_test_sample/mc_trig_eff/hists/mc_trig_eff_hists_pp24_step3.root
/usatlas/u/yuhanguo/usatlasdata/pythia_fullsim_test_sample/single_mu_effcy_pT_fit_mc_medium_wp.root	/usatlas/u/yuhanguo/usatlasdata/pythia_fullsim_test_sample/mc_trig_eff/singles_fits/single_mu_effcy_pT_fit_mc_pp24_medium_wp.root
/usatlas/u/yuhanguo/usatlasdata/pythia_fullsim_test_sample/single_mu_effcy_pT_fit_mc.root	/usatlas/u/yuhanguo/usatlasdata/pythia_fullsim_test_sample/mc_trig_eff/singles_fits/single_mu_effcy_pT_fit_mc_pp24.root
/usatlas/u/yuhanguo/usatlasdata/pythia_fullsim_test_sample/run_fullsim_full24.log	/usatlas/u/yuhanguo/usatlasdata/pythia_fullsim_test_sample/logs/run_fullsim_full24.log
/usatlas/u/yuhanguo/usatlasdata/pythia_fullsim_test_sample/mc_trig_eff_fit_plots	/usatlas/u/yuhanguo/usatlasdata/pythia_fullsim_test_sample/backup/mc_trig_eff_fit_plots
/usatlas/u/yuhanguo/usatlasdata/pythia_fullsim_hijing_overlay_test_sample_pbpb23/muon_pairs_pythia_fullsim_hijing_overlay_pbpb23_no_data_resonance_cuts.bak_pre_isospin_fix_20260714.root	/usatlas/u/yuhanguo/usatlasdata/pythia_fullsim_hijing_overlay_test_sample_pbpb23/backup/muon_pairs_pythia_fullsim_hijing_overlay_pbpb23_no_data_resonance_cuts.bak_pre_isospin_fix_20260714.root
/usatlas/u/yuhanguo/usatlasdata/pythia_fullsim_hijing_overlay_test_sample_pbpb23/mc_trig_eff_hists_hijing_overlay_pbpb23_corrected.root	/usatlas/u/yuhanguo/usatlasdata/pythia_fullsim_hijing_overlay_test_sample_pbpb23/mc_trig_eff/hists/mc_trig_eff_hists_hijing_overlay_pbpb23_corrected.root
/usatlas/u/yuhanguo/usatlasdata/pythia_fullsim_hijing_overlay_test_sample_pbpb23/mc_trig_eff_hists_hijing_overlay_pbpb23_corrected_sfclosure.root	/usatlas/u/yuhanguo/usatlasdata/pythia_fullsim_hijing_overlay_test_sample_pbpb23/mc_trig_eff/hists/mc_trig_eff_hists_hijing_overlay_pbpb23_corrected_sfclosure.root
/usatlas/u/yuhanguo/usatlasdata/pythia_fullsim_hijing_overlay_test_sample_pbpb23/mc_trig_eff_hists_hijing_overlay_pbpb23_corrected_sfclosure_step3.root	/usatlas/u/yuhanguo/usatlasdata/pythia_fullsim_hijing_overlay_test_sample_pbpb23/mc_trig_eff/hists/mc_trig_eff_hists_hijing_overlay_pbpb23_corrected_sfclosure_step3.root
/usatlas/u/yuhanguo/usatlasdata/pythia_fullsim_hijing_overlay_test_sample_pbpb23/mc_trig_eff_hists_hijing_overlay_pbpb23_corrected_sfclosure_step4.root	/usatlas/u/yuhanguo/usatlasdata/pythia_fullsim_hijing_overlay_test_sample_pbpb23/mc_trig_eff/hists/mc_trig_eff_hists_hijing_overlay_pbpb23_corrected_sfclosure_step4.root
/usatlas/u/yuhanguo/usatlasdata/pythia_fullsim_hijing_overlay_test_sample_pbpb23/mc_trig_eff_hists_hijing_overlay_pbpb23_corrected_step3.root	/usatlas/u/yuhanguo/usatlasdata/pythia_fullsim_hijing_overlay_test_sample_pbpb23/mc_trig_eff/hists/mc_trig_eff_hists_hijing_overlay_pbpb23_corrected_step3.root
/usatlas/u/yuhanguo/usatlasdata/pythia_fullsim_hijing_overlay_test_sample_pbpb23/mc_trig_eff_hists_hijing_overlay_pbpb23_corrected_step4.root	/usatlas/u/yuhanguo/usatlasdata/pythia_fullsim_hijing_overlay_test_sample_pbpb23/mc_trig_eff/hists/mc_trig_eff_hists_hijing_overlay_pbpb23_corrected_step4.root
/usatlas/u/yuhanguo/usatlasdata/pythia_fullsim_hijing_overlay_test_sample_pbpb23/mc_trig_eff_hists_hijing_overlay_pbpb23_medium_wp_corrected.root	/usatlas/u/yuhanguo/usatlasdata/pythia_fullsim_hijing_overlay_test_sample_pbpb23/mc_trig_eff/hists/mc_trig_eff_hists_hijing_overlay_pbpb23_medium_wp_corrected.root
/usatlas/u/yuhanguo/usatlasdata/pythia_fullsim_hijing_overlay_test_sample_pbpb23/mc_trig_eff_hists_hijing_overlay_pbpb23_medium_wp_corrected_sfclosure.root	/usatlas/u/yuhanguo/usatlasdata/pythia_fullsim_hijing_overlay_test_sample_pbpb23/mc_trig_eff/hists/mc_trig_eff_hists_hijing_overlay_pbpb23_medium_wp_corrected_sfclosure.root
/usatlas/u/yuhanguo/usatlasdata/pythia_fullsim_hijing_overlay_test_sample_pbpb23/mc_trig_eff_hists_hijing_overlay_pbpb23_medium_wp_corrected_sfclosure_step3.root	/usatlas/u/yuhanguo/usatlasdata/pythia_fullsim_hijing_overlay_test_sample_pbpb23/mc_trig_eff/hists/mc_trig_eff_hists_hijing_overlay_pbpb23_medium_wp_corrected_sfclosure_step3.root
/usatlas/u/yuhanguo/usatlasdata/pythia_fullsim_hijing_overlay_test_sample_pbpb23/mc_trig_eff_hists_hijing_overlay_pbpb23_medium_wp_corrected_sfclosure_step4.root	/usatlas/u/yuhanguo/usatlasdata/pythia_fullsim_hijing_overlay_test_sample_pbpb23/mc_trig_eff/hists/mc_trig_eff_hists_hijing_overlay_pbpb23_medium_wp_corrected_sfclosure_step4.root
/usatlas/u/yuhanguo/usatlasdata/pythia_fullsim_hijing_overlay_test_sample_pbpb23/mc_trig_eff_hists_hijing_overlay_pbpb23_medium_wp_corrected_step3.root	/usatlas/u/yuhanguo/usatlasdata/pythia_fullsim_hijing_overlay_test_sample_pbpb23/mc_trig_eff/hists/mc_trig_eff_hists_hijing_overlay_pbpb23_medium_wp_corrected_step3.root
/usatlas/u/yuhanguo/usatlasdata/pythia_fullsim_hijing_overlay_test_sample_pbpb23/mc_trig_eff_hists_hijing_overlay_pbpb23_medium_wp_corrected_step4.root	/usatlas/u/yuhanguo/usatlasdata/pythia_fullsim_hijing_overlay_test_sample_pbpb23/mc_trig_eff/hists/mc_trig_eff_hists_hijing_overlay_pbpb23_medium_wp_corrected_step4.root
/usatlas/u/yuhanguo/usatlasdata/pythia_fullsim_hijing_overlay_test_sample_pbpb23/mc_trig_eff_hists_hijing_overlay_pbpb23_medium_wp_pt4bin.root	/usatlas/u/yuhanguo/usatlasdata/pythia_fullsim_hijing_overlay_test_sample_pbpb23/mc_trig_eff/hists/mc_trig_eff_hists_hijing_overlay_pbpb23_medium_wp_pt4bin.root
/usatlas/u/yuhanguo/usatlasdata/pythia_fullsim_hijing_overlay_test_sample_pbpb23/mc_trig_eff_hists_hijing_overlay_pbpb23_medium_wp_pt4bin_sanity.root	/usatlas/u/yuhanguo/usatlasdata/pythia_fullsim_hijing_overlay_test_sample_pbpb23/mc_trig_eff/hists/mc_trig_eff_hists_hijing_overlay_pbpb23_medium_wp_pt4bin_sanity.root
/usatlas/u/yuhanguo/usatlasdata/pythia_fullsim_hijing_overlay_test_sample_pbpb23/mc_trig_eff_hists_hijing_overlay_pbpb23_medium_wp_pt4bin_step3.root	/usatlas/u/yuhanguo/usatlasdata/pythia_fullsim_hijing_overlay_test_sample_pbpb23/mc_trig_eff/hists/mc_trig_eff_hists_hijing_overlay_pbpb23_medium_wp_pt4bin_step3.root
/usatlas/u/yuhanguo/usatlasdata/pythia_fullsim_hijing_overlay_test_sample_pbpb23/mc_trig_eff_hists_hijing_overlay_pbpb23_medium_wp_pt4bin_step4.root	/usatlas/u/yuhanguo/usatlasdata/pythia_fullsim_hijing_overlay_test_sample_pbpb23/mc_trig_eff/hists/mc_trig_eff_hists_hijing_overlay_pbpb23_medium_wp_pt4bin_step4.root
/usatlas/u/yuhanguo/usatlasdata/pythia_fullsim_hijing_overlay_test_sample_pbpb23/mc_trig_eff_hists_hijing_overlay_pbpb23_medium_wp.root	/usatlas/u/yuhanguo/usatlasdata/pythia_fullsim_hijing_overlay_test_sample_pbpb23/mc_trig_eff/hists/mc_trig_eff_hists_hijing_overlay_pbpb23_medium_wp.root
/usatlas/u/yuhanguo/usatlasdata/pythia_fullsim_hijing_overlay_test_sample_pbpb23/mc_trig_eff_hists_hijing_overlay_pbpb23_medium_wp_sanity.root	/usatlas/u/yuhanguo/usatlasdata/pythia_fullsim_hijing_overlay_test_sample_pbpb23/mc_trig_eff/hists/mc_trig_eff_hists_hijing_overlay_pbpb23_medium_wp_sanity.root
/usatlas/u/yuhanguo/usatlasdata/pythia_fullsim_hijing_overlay_test_sample_pbpb23/mc_trig_eff_hists_hijing_overlay_pbpb23_medium_wp_step3.root	/usatlas/u/yuhanguo/usatlasdata/pythia_fullsim_hijing_overlay_test_sample_pbpb23/mc_trig_eff/hists/mc_trig_eff_hists_hijing_overlay_pbpb23_medium_wp_step3.root
/usatlas/u/yuhanguo/usatlasdata/pythia_fullsim_hijing_overlay_test_sample_pbpb23/mc_trig_eff_hists_hijing_overlay_pbpb23_medium_wp_step4.root	/usatlas/u/yuhanguo/usatlasdata/pythia_fullsim_hijing_overlay_test_sample_pbpb23/mc_trig_eff/hists/mc_trig_eff_hists_hijing_overlay_pbpb23_medium_wp_step4.root
/usatlas/u/yuhanguo/usatlasdata/pythia_fullsim_hijing_overlay_test_sample_pbpb23/mc_trig_eff_hists_hijing_overlay_pbpb23_nogapcut.root	/usatlas/u/yuhanguo/usatlasdata/pythia_fullsim_hijing_overlay_test_sample_pbpb23/mc_trig_eff/hists/mc_trig_eff_hists_hijing_overlay_pbpb23_nogapcut.root
/usatlas/u/yuhanguo/usatlasdata/pythia_fullsim_hijing_overlay_test_sample_pbpb23/mc_trig_eff_hists_hijing_overlay_pbpb23_pt4bin.root	/usatlas/u/yuhanguo/usatlasdata/pythia_fullsim_hijing_overlay_test_sample_pbpb23/mc_trig_eff/hists/mc_trig_eff_hists_hijing_overlay_pbpb23_pt4bin.root
/usatlas/u/yuhanguo/usatlasdata/pythia_fullsim_hijing_overlay_test_sample_pbpb23/mc_trig_eff_hists_hijing_overlay_pbpb23_pt4bin_sanity.root	/usatlas/u/yuhanguo/usatlasdata/pythia_fullsim_hijing_overlay_test_sample_pbpb23/mc_trig_eff/hists/mc_trig_eff_hists_hijing_overlay_pbpb23_pt4bin_sanity.root
/usatlas/u/yuhanguo/usatlasdata/pythia_fullsim_hijing_overlay_test_sample_pbpb23/mc_trig_eff_hists_hijing_overlay_pbpb23_pt4bin_step3.root	/usatlas/u/yuhanguo/usatlasdata/pythia_fullsim_hijing_overlay_test_sample_pbpb23/mc_trig_eff/hists/mc_trig_eff_hists_hijing_overlay_pbpb23_pt4bin_step3.root
/usatlas/u/yuhanguo/usatlasdata/pythia_fullsim_hijing_overlay_test_sample_pbpb23/mc_trig_eff_hists_hijing_overlay_pbpb23_pt4bin_step4.root	/usatlas/u/yuhanguo/usatlasdata/pythia_fullsim_hijing_overlay_test_sample_pbpb23/mc_trig_eff/hists/mc_trig_eff_hists_hijing_overlay_pbpb23_pt4bin_step4.root
/usatlas/u/yuhanguo/usatlasdata/pythia_fullsim_hijing_overlay_test_sample_pbpb23/mc_trig_eff_hists_hijing_overlay_pbpb23.root	/usatlas/u/yuhanguo/usatlasdata/pythia_fullsim_hijing_overlay_test_sample_pbpb23/mc_trig_eff/hists/mc_trig_eff_hists_hijing_overlay_pbpb23.root
/usatlas/u/yuhanguo/usatlasdata/pythia_fullsim_hijing_overlay_test_sample_pbpb23/mc_trig_eff_hists_hijing_overlay_pbpb23_sanity.root	/usatlas/u/yuhanguo/usatlasdata/pythia_fullsim_hijing_overlay_test_sample_pbpb23/mc_trig_eff/hists/mc_trig_eff_hists_hijing_overlay_pbpb23_sanity.root
/usatlas/u/yuhanguo/usatlasdata/pythia_fullsim_hijing_overlay_test_sample_pbpb23/mc_trig_eff_hists_hijing_overlay_pbpb23_step3.root	/usatlas/u/yuhanguo/usatlasdata/pythia_fullsim_hijing_overlay_test_sample_pbpb23/mc_trig_eff/hists/mc_trig_eff_hists_hijing_overlay_pbpb23_step3.root
/usatlas/u/yuhanguo/usatlasdata/pythia_fullsim_hijing_overlay_test_sample_pbpb23/mc_trig_eff_hists_hijing_overlay_pbpb23_step4.root	/usatlas/u/yuhanguo/usatlasdata/pythia_fullsim_hijing_overlay_test_sample_pbpb23/mc_trig_eff/hists/mc_trig_eff_hists_hijing_overlay_pbpb23_step4.root
/usatlas/u/yuhanguo/usatlasdata/pythia_fullsim_hijing_overlay_test_sample_pbpb23/single_mu_effcy_pT_fit_mc_corrected_medium_wp.root	/usatlas/u/yuhanguo/usatlasdata/pythia_fullsim_hijing_overlay_test_sample_pbpb23/mc_trig_eff/singles_fits/single_mu_effcy_pT_fit_mc_hijing_overlay_pbpb23_corrected_medium_wp.root
/usatlas/u/yuhanguo/usatlasdata/pythia_fullsim_hijing_overlay_test_sample_pbpb23/single_mu_effcy_pT_fit_mc_corrected.root	/usatlas/u/yuhanguo/usatlasdata/pythia_fullsim_hijing_overlay_test_sample_pbpb23/mc_trig_eff/singles_fits/single_mu_effcy_pT_fit_mc_hijing_overlay_pbpb23_corrected.root
/usatlas/u/yuhanguo/usatlasdata/pythia_fullsim_hijing_overlay_test_sample_pbpb23/single_mu_effcy_pT_fit_mc_corrected_sfclosure_medium_wp.root	/usatlas/u/yuhanguo/usatlasdata/pythia_fullsim_hijing_overlay_test_sample_pbpb23/mc_trig_eff/singles_fits/single_mu_effcy_pT_fit_mc_hijing_overlay_pbpb23_corrected_sfclosure_medium_wp.root
/usatlas/u/yuhanguo/usatlasdata/pythia_fullsim_hijing_overlay_test_sample_pbpb23/single_mu_effcy_pT_fit_mc_corrected_sfclosure.root	/usatlas/u/yuhanguo/usatlasdata/pythia_fullsim_hijing_overlay_test_sample_pbpb23/mc_trig_eff/singles_fits/single_mu_effcy_pT_fit_mc_hijing_overlay_pbpb23_corrected_sfclosure.root
/usatlas/u/yuhanguo/usatlasdata/pythia_fullsim_hijing_overlay_test_sample_pbpb23/single_mu_effcy_pT_fit_mc_medium_wp.root	/usatlas/u/yuhanguo/usatlasdata/pythia_fullsim_hijing_overlay_test_sample_pbpb23/mc_trig_eff/singles_fits/single_mu_effcy_pT_fit_mc_hijing_overlay_pbpb23_medium_wp.root
/usatlas/u/yuhanguo/usatlasdata/pythia_fullsim_hijing_overlay_test_sample_pbpb23/single_mu_effcy_pT_fit_mc.root	/usatlas/u/yuhanguo/usatlasdata/pythia_fullsim_hijing_overlay_test_sample_pbpb23/mc_trig_eff/singles_fits/single_mu_effcy_pT_fit_mc_hijing_overlay_pbpb23.root
/usatlas/u/yuhanguo/usatlasdata/pythia_fullsim_hijing_overlay_test_sample_pbpb23/dr_correction_plateaus_hijing_overlay_pbpb23_medium_wp_pt4bin.root	/usatlas/u/yuhanguo/usatlasdata/pythia_fullsim_hijing_overlay_test_sample_pbpb23/mc_trig_eff/dr_correction/dr_correction_plateaus_hijing_overlay_pbpb23_medium_wp_pt4bin.root
/usatlas/u/yuhanguo/usatlasdata/pythia_fullsim_hijing_overlay_test_sample_pbpb23/dr_correction_plateaus_hijing_overlay_pbpb23_medium_wp.root	/usatlas/u/yuhanguo/usatlasdata/pythia_fullsim_hijing_overlay_test_sample_pbpb23/mc_trig_eff/dr_correction/dr_correction_plateaus_hijing_overlay_pbpb23_medium_wp.root
/usatlas/u/yuhanguo/usatlasdata/pythia_fullsim_hijing_overlay_test_sample_pbpb23/dr_correction_plateaus_hijing_overlay_pbpb23_pt4bin.root	/usatlas/u/yuhanguo/usatlasdata/pythia_fullsim_hijing_overlay_test_sample_pbpb23/mc_trig_eff/dr_correction/dr_correction_plateaus_hijing_overlay_pbpb23_pt4bin.root
/usatlas/u/yuhanguo/usatlasdata/pythia_fullsim_hijing_overlay_test_sample_pbpb23/dr_correction_plateaus_hijing_overlay_pbpb23.root	/usatlas/u/yuhanguo/usatlasdata/pythia_fullsim_hijing_overlay_test_sample_pbpb23/mc_trig_eff/dr_correction/dr_correction_plateaus_hijing_overlay_pbpb23.root
/usatlas/u/yuhanguo/usatlasdata/pythia_fullsim_hijing_overlay_test_sample_pbpb23/dr_correction_fits_hijing_overlay_pbpb23_medium_wp_pt4bin_step3_expo.root	/usatlas/u/yuhanguo/usatlasdata/pythia_fullsim_hijing_overlay_test_sample_pbpb23/mc_trig_eff/dr_correction/dr_correction_fits_hijing_overlay_pbpb23_medium_wp_pt4bin_step3_expo.root
/usatlas/u/yuhanguo/usatlasdata/pythia_fullsim_hijing_overlay_test_sample_pbpb23/dr_correction_fits_hijing_overlay_pbpb23_medium_wp_pt4bin_step3_interp.root	/usatlas/u/yuhanguo/usatlasdata/pythia_fullsim_hijing_overlay_test_sample_pbpb23/mc_trig_eff/dr_correction/dr_correction_fits_hijing_overlay_pbpb23_medium_wp_pt4bin_step3_interp.root
/usatlas/u/yuhanguo/usatlasdata/pythia_fullsim_hijing_overlay_test_sample_pbpb23/dr_correction_fits_hijing_overlay_pbpb23_medium_wp_pt4bin_step3_polyu_fixedRp.root	/usatlas/u/yuhanguo/usatlasdata/pythia_fullsim_hijing_overlay_test_sample_pbpb23/mc_trig_eff/dr_correction/dr_correction_fits_hijing_overlay_pbpb23_medium_wp_pt4bin_step3_polyu_fixedRp.root
/usatlas/u/yuhanguo/usatlasdata/pythia_fullsim_hijing_overlay_test_sample_pbpb23/dr_correction_fits_hijing_overlay_pbpb23_medium_wp_pt4bin_step4_expo.root	/usatlas/u/yuhanguo/usatlasdata/pythia_fullsim_hijing_overlay_test_sample_pbpb23/mc_trig_eff/dr_correction/dr_correction_fits_hijing_overlay_pbpb23_medium_wp_pt4bin_step4_expo.root
/usatlas/u/yuhanguo/usatlasdata/pythia_fullsim_hijing_overlay_test_sample_pbpb23/dr_correction_fits_hijing_overlay_pbpb23_medium_wp_pt4bin_step4_interp.root	/usatlas/u/yuhanguo/usatlasdata/pythia_fullsim_hijing_overlay_test_sample_pbpb23/mc_trig_eff/dr_correction/dr_correction_fits_hijing_overlay_pbpb23_medium_wp_pt4bin_step4_interp.root
/usatlas/u/yuhanguo/usatlasdata/pythia_fullsim_hijing_overlay_test_sample_pbpb23/dr_correction_fits_hijing_overlay_pbpb23_medium_wp_pt4bin_step4_polyu_fixedRp.root	/usatlas/u/yuhanguo/usatlasdata/pythia_fullsim_hijing_overlay_test_sample_pbpb23/mc_trig_eff/dr_correction/dr_correction_fits_hijing_overlay_pbpb23_medium_wp_pt4bin_step4_polyu_fixedRp.root
/usatlas/u/yuhanguo/usatlasdata/pythia_fullsim_hijing_overlay_test_sample_pbpb23/dr_correction_fits_hijing_overlay_pbpb23_medium_wp_step3_expo_nocorr_ptmerge.root	/usatlas/u/yuhanguo/usatlasdata/pythia_fullsim_hijing_overlay_test_sample_pbpb23/mc_trig_eff/dr_correction/dr_correction_fits_hijing_overlay_pbpb23_medium_wp_step3_expo_nocorr_ptmerge.root
/usatlas/u/yuhanguo/usatlasdata/pythia_fullsim_hijing_overlay_test_sample_pbpb23/dr_correction_fits_hijing_overlay_pbpb23_medium_wp_step3_expo_nocorr.root	/usatlas/u/yuhanguo/usatlasdata/pythia_fullsim_hijing_overlay_test_sample_pbpb23/mc_trig_eff/dr_correction/dr_correction_fits_hijing_overlay_pbpb23_medium_wp_step3_expo_nocorr.root
/usatlas/u/yuhanguo/usatlasdata/pythia_fullsim_hijing_overlay_test_sample_pbpb23/dr_correction_fits_hijing_overlay_pbpb23_medium_wp_step3_expo_os_nocorr_ptmerge.root	/usatlas/u/yuhanguo/usatlasdata/pythia_fullsim_hijing_overlay_test_sample_pbpb23/mc_trig_eff/dr_correction/dr_correction_fits_hijing_overlay_pbpb23_medium_wp_step3_expo_os_nocorr_ptmerge.root
/usatlas/u/yuhanguo/usatlasdata/pythia_fullsim_hijing_overlay_test_sample_pbpb23/dr_correction_fits_hijing_overlay_pbpb23_medium_wp_step3_expo_os_nocorr.root	/usatlas/u/yuhanguo/usatlasdata/pythia_fullsim_hijing_overlay_test_sample_pbpb23/mc_trig_eff/dr_correction/dr_correction_fits_hijing_overlay_pbpb23_medium_wp_step3_expo_os_nocorr.root
/usatlas/u/yuhanguo/usatlasdata/pythia_fullsim_hijing_overlay_test_sample_pbpb23/dr_correction_fits_hijing_overlay_pbpb23_medium_wp_step3_expo_os.root	/usatlas/u/yuhanguo/usatlasdata/pythia_fullsim_hijing_overlay_test_sample_pbpb23/mc_trig_eff/dr_correction/dr_correction_fits_hijing_overlay_pbpb23_medium_wp_step3_expo_os.root
/usatlas/u/yuhanguo/usatlasdata/pythia_fullsim_hijing_overlay_test_sample_pbpb23/dr_correction_fits_hijing_overlay_pbpb23_medium_wp_step3_expo.root	/usatlas/u/yuhanguo/usatlasdata/pythia_fullsim_hijing_overlay_test_sample_pbpb23/mc_trig_eff/dr_correction/dr_correction_fits_hijing_overlay_pbpb23_medium_wp_step3_expo.root
/usatlas/u/yuhanguo/usatlasdata/pythia_fullsim_hijing_overlay_test_sample_pbpb23/dr_correction_fits_hijing_overlay_pbpb23_medium_wp_step3_expo_ss_nocorr_ptmerge.root	/usatlas/u/yuhanguo/usatlasdata/pythia_fullsim_hijing_overlay_test_sample_pbpb23/mc_trig_eff/dr_correction/dr_correction_fits_hijing_overlay_pbpb23_medium_wp_step3_expo_ss_nocorr_ptmerge.root
/usatlas/u/yuhanguo/usatlasdata/pythia_fullsim_hijing_overlay_test_sample_pbpb23/dr_correction_fits_hijing_overlay_pbpb23_medium_wp_step3_expo_ss_nocorr.root	/usatlas/u/yuhanguo/usatlasdata/pythia_fullsim_hijing_overlay_test_sample_pbpb23/mc_trig_eff/dr_correction/dr_correction_fits_hijing_overlay_pbpb23_medium_wp_step3_expo_ss_nocorr.root
/usatlas/u/yuhanguo/usatlasdata/pythia_fullsim_hijing_overlay_test_sample_pbpb23/dr_correction_fits_hijing_overlay_pbpb23_medium_wp_step3_expo_ss.root	/usatlas/u/yuhanguo/usatlasdata/pythia_fullsim_hijing_overlay_test_sample_pbpb23/mc_trig_eff/dr_correction/dr_correction_fits_hijing_overlay_pbpb23_medium_wp_step3_expo_ss.root
/usatlas/u/yuhanguo/usatlasdata/pythia_fullsim_hijing_overlay_test_sample_pbpb23/dr_correction_fits_hijing_overlay_pbpb23_medium_wp_step3_interp_nocorr_ptmerge.root	/usatlas/u/yuhanguo/usatlasdata/pythia_fullsim_hijing_overlay_test_sample_pbpb23/mc_trig_eff/dr_correction/dr_correction_fits_hijing_overlay_pbpb23_medium_wp_step3_interp_nocorr_ptmerge.root
/usatlas/u/yuhanguo/usatlasdata/pythia_fullsim_hijing_overlay_test_sample_pbpb23/dr_correction_fits_hijing_overlay_pbpb23_medium_wp_step3_interp_nocorr.root	/usatlas/u/yuhanguo/usatlasdata/pythia_fullsim_hijing_overlay_test_sample_pbpb23/mc_trig_eff/dr_correction/dr_correction_fits_hijing_overlay_pbpb23_medium_wp_step3_interp_nocorr.root
/usatlas/u/yuhanguo/usatlasdata/pythia_fullsim_hijing_overlay_test_sample_pbpb23/dr_correction_fits_hijing_overlay_pbpb23_medium_wp_step3_interp_os_nocorr_ptmerge.root	/usatlas/u/yuhanguo/usatlasdata/pythia_fullsim_hijing_overlay_test_sample_pbpb23/mc_trig_eff/dr_correction/dr_correction_fits_hijing_overlay_pbpb23_medium_wp_step3_interp_os_nocorr_ptmerge.root
/usatlas/u/yuhanguo/usatlasdata/pythia_fullsim_hijing_overlay_test_sample_pbpb23/dr_correction_fits_hijing_overlay_pbpb23_medium_wp_step3_interp_os_nocorr.root	/usatlas/u/yuhanguo/usatlasdata/pythia_fullsim_hijing_overlay_test_sample_pbpb23/mc_trig_eff/dr_correction/dr_correction_fits_hijing_overlay_pbpb23_medium_wp_step3_interp_os_nocorr.root
/usatlas/u/yuhanguo/usatlasdata/pythia_fullsim_hijing_overlay_test_sample_pbpb23/dr_correction_fits_hijing_overlay_pbpb23_medium_wp_step3_interp_os.root	/usatlas/u/yuhanguo/usatlasdata/pythia_fullsim_hijing_overlay_test_sample_pbpb23/mc_trig_eff/dr_correction/dr_correction_fits_hijing_overlay_pbpb23_medium_wp_step3_interp_os.root
/usatlas/u/yuhanguo/usatlasdata/pythia_fullsim_hijing_overlay_test_sample_pbpb23/dr_correction_fits_hijing_overlay_pbpb23_medium_wp_step3_interp.root	/usatlas/u/yuhanguo/usatlasdata/pythia_fullsim_hijing_overlay_test_sample_pbpb23/mc_trig_eff/dr_correction/dr_correction_fits_hijing_overlay_pbpb23_medium_wp_step3_interp.root
/usatlas/u/yuhanguo/usatlasdata/pythia_fullsim_hijing_overlay_test_sample_pbpb23/dr_correction_fits_hijing_overlay_pbpb23_medium_wp_step3_interp_ss_nocorr_ptmerge.root	/usatlas/u/yuhanguo/usatlasdata/pythia_fullsim_hijing_overlay_test_sample_pbpb23/mc_trig_eff/dr_correction/dr_correction_fits_hijing_overlay_pbpb23_medium_wp_step3_interp_ss_nocorr_ptmerge.root
/usatlas/u/yuhanguo/usatlasdata/pythia_fullsim_hijing_overlay_test_sample_pbpb23/dr_correction_fits_hijing_overlay_pbpb23_medium_wp_step3_interp_ss_nocorr.root	/usatlas/u/yuhanguo/usatlasdata/pythia_fullsim_hijing_overlay_test_sample_pbpb23/mc_trig_eff/dr_correction/dr_correction_fits_hijing_overlay_pbpb23_medium_wp_step3_interp_ss_nocorr.root
/usatlas/u/yuhanguo/usatlasdata/pythia_fullsim_hijing_overlay_test_sample_pbpb23/dr_correction_fits_hijing_overlay_pbpb23_medium_wp_step3_interp_ss.root	/usatlas/u/yuhanguo/usatlasdata/pythia_fullsim_hijing_overlay_test_sample_pbpb23/mc_trig_eff/dr_correction/dr_correction_fits_hijing_overlay_pbpb23_medium_wp_step3_interp_ss.root
/usatlas/u/yuhanguo/usatlasdata/pythia_fullsim_hijing_overlay_test_sample_pbpb23/dr_correction_fits_hijing_overlay_pbpb23_medium_wp_step3_polyu_fixedRp_nocorr_ptmerge.root	/usatlas/u/yuhanguo/usatlasdata/pythia_fullsim_hijing_overlay_test_sample_pbpb23/mc_trig_eff/dr_correction/dr_correction_fits_hijing_overlay_pbpb23_medium_wp_step3_polyu_fixedRp_nocorr_ptmerge.root
/usatlas/u/yuhanguo/usatlasdata/pythia_fullsim_hijing_overlay_test_sample_pbpb23/dr_correction_fits_hijing_overlay_pbpb23_medium_wp_step3_polyu_fixedRp_nocorr.root	/usatlas/u/yuhanguo/usatlasdata/pythia_fullsim_hijing_overlay_test_sample_pbpb23/mc_trig_eff/dr_correction/dr_correction_fits_hijing_overlay_pbpb23_medium_wp_step3_polyu_fixedRp_nocorr.root
/usatlas/u/yuhanguo/usatlasdata/pythia_fullsim_hijing_overlay_test_sample_pbpb23/dr_correction_fits_hijing_overlay_pbpb23_medium_wp_step3_polyu_fixedRp_os_nocorr_ptmerge.root	/usatlas/u/yuhanguo/usatlasdata/pythia_fullsim_hijing_overlay_test_sample_pbpb23/mc_trig_eff/dr_correction/dr_correction_fits_hijing_overlay_pbpb23_medium_wp_step3_polyu_fixedRp_os_nocorr_ptmerge.root
/usatlas/u/yuhanguo/usatlasdata/pythia_fullsim_hijing_overlay_test_sample_pbpb23/dr_correction_fits_hijing_overlay_pbpb23_medium_wp_step3_polyu_fixedRp_os_nocorr.root	/usatlas/u/yuhanguo/usatlasdata/pythia_fullsim_hijing_overlay_test_sample_pbpb23/mc_trig_eff/dr_correction/dr_correction_fits_hijing_overlay_pbpb23_medium_wp_step3_polyu_fixedRp_os_nocorr.root
/usatlas/u/yuhanguo/usatlasdata/pythia_fullsim_hijing_overlay_test_sample_pbpb23/dr_correction_fits_hijing_overlay_pbpb23_medium_wp_step3_polyu_fixedRp_os.root	/usatlas/u/yuhanguo/usatlasdata/pythia_fullsim_hijing_overlay_test_sample_pbpb23/mc_trig_eff/dr_correction/dr_correction_fits_hijing_overlay_pbpb23_medium_wp_step3_polyu_fixedRp_os.root
/usatlas/u/yuhanguo/usatlasdata/pythia_fullsim_hijing_overlay_test_sample_pbpb23/dr_correction_fits_hijing_overlay_pbpb23_medium_wp_step3_polyu_fixedRp.root	/usatlas/u/yuhanguo/usatlasdata/pythia_fullsim_hijing_overlay_test_sample_pbpb23/mc_trig_eff/dr_correction/dr_correction_fits_hijing_overlay_pbpb23_medium_wp_step3_polyu_fixedRp.root
/usatlas/u/yuhanguo/usatlasdata/pythia_fullsim_hijing_overlay_test_sample_pbpb23/dr_correction_fits_hijing_overlay_pbpb23_medium_wp_step3_polyu_fixedRp_ss_nocorr_ptmerge.root	/usatlas/u/yuhanguo/usatlasdata/pythia_fullsim_hijing_overlay_test_sample_pbpb23/mc_trig_eff/dr_correction/dr_correction_fits_hijing_overlay_pbpb23_medium_wp_step3_polyu_fixedRp_ss_nocorr_ptmerge.root
/usatlas/u/yuhanguo/usatlasdata/pythia_fullsim_hijing_overlay_test_sample_pbpb23/dr_correction_fits_hijing_overlay_pbpb23_medium_wp_step3_polyu_fixedRp_ss_nocorr.root	/usatlas/u/yuhanguo/usatlasdata/pythia_fullsim_hijing_overlay_test_sample_pbpb23/mc_trig_eff/dr_correction/dr_correction_fits_hijing_overlay_pbpb23_medium_wp_step3_polyu_fixedRp_ss_nocorr.root
/usatlas/u/yuhanguo/usatlasdata/pythia_fullsim_hijing_overlay_test_sample_pbpb23/dr_correction_fits_hijing_overlay_pbpb23_medium_wp_step3_polyu_fixedRp_ss.root	/usatlas/u/yuhanguo/usatlasdata/pythia_fullsim_hijing_overlay_test_sample_pbpb23/mc_trig_eff/dr_correction/dr_correction_fits_hijing_overlay_pbpb23_medium_wp_step3_polyu_fixedRp_ss.root
/usatlas/u/yuhanguo/usatlasdata/pythia_fullsim_hijing_overlay_test_sample_pbpb23/dr_correction_fits_hijing_overlay_pbpb23_medium_wp_step4_expo_os.root	/usatlas/u/yuhanguo/usatlasdata/pythia_fullsim_hijing_overlay_test_sample_pbpb23/mc_trig_eff/dr_correction/dr_correction_fits_hijing_overlay_pbpb23_medium_wp_step4_expo_os.root
/usatlas/u/yuhanguo/usatlasdata/pythia_fullsim_hijing_overlay_test_sample_pbpb23/dr_correction_fits_hijing_overlay_pbpb23_medium_wp_step4_expo.root	/usatlas/u/yuhanguo/usatlasdata/pythia_fullsim_hijing_overlay_test_sample_pbpb23/mc_trig_eff/dr_correction/dr_correction_fits_hijing_overlay_pbpb23_medium_wp_step4_expo.root
/usatlas/u/yuhanguo/usatlasdata/pythia_fullsim_hijing_overlay_test_sample_pbpb23/dr_correction_fits_hijing_overlay_pbpb23_medium_wp_step4_expo_ss.root	/usatlas/u/yuhanguo/usatlasdata/pythia_fullsim_hijing_overlay_test_sample_pbpb23/mc_trig_eff/dr_correction/dr_correction_fits_hijing_overlay_pbpb23_medium_wp_step4_expo_ss.root
/usatlas/u/yuhanguo/usatlasdata/pythia_fullsim_hijing_overlay_test_sample_pbpb23/dr_correction_fits_hijing_overlay_pbpb23_medium_wp_step4_interp_os.root	/usatlas/u/yuhanguo/usatlasdata/pythia_fullsim_hijing_overlay_test_sample_pbpb23/mc_trig_eff/dr_correction/dr_correction_fits_hijing_overlay_pbpb23_medium_wp_step4_interp_os.root
/usatlas/u/yuhanguo/usatlasdata/pythia_fullsim_hijing_overlay_test_sample_pbpb23/dr_correction_fits_hijing_overlay_pbpb23_medium_wp_step4_interp.root	/usatlas/u/yuhanguo/usatlasdata/pythia_fullsim_hijing_overlay_test_sample_pbpb23/mc_trig_eff/dr_correction/dr_correction_fits_hijing_overlay_pbpb23_medium_wp_step4_interp.root
/usatlas/u/yuhanguo/usatlasdata/pythia_fullsim_hijing_overlay_test_sample_pbpb23/dr_correction_fits_hijing_overlay_pbpb23_medium_wp_step4_interp_ss.root	/usatlas/u/yuhanguo/usatlasdata/pythia_fullsim_hijing_overlay_test_sample_pbpb23/mc_trig_eff/dr_correction/dr_correction_fits_hijing_overlay_pbpb23_medium_wp_step4_interp_ss.root
/usatlas/u/yuhanguo/usatlasdata/pythia_fullsim_hijing_overlay_test_sample_pbpb23/dr_correction_fits_hijing_overlay_pbpb23_medium_wp_step4_polyu_fixedRp_os.root	/usatlas/u/yuhanguo/usatlasdata/pythia_fullsim_hijing_overlay_test_sample_pbpb23/mc_trig_eff/dr_correction/dr_correction_fits_hijing_overlay_pbpb23_medium_wp_step4_polyu_fixedRp_os.root
/usatlas/u/yuhanguo/usatlasdata/pythia_fullsim_hijing_overlay_test_sample_pbpb23/dr_correction_fits_hijing_overlay_pbpb23_medium_wp_step4_polyu_fixedRp.root	/usatlas/u/yuhanguo/usatlasdata/pythia_fullsim_hijing_overlay_test_sample_pbpb23/mc_trig_eff/dr_correction/dr_correction_fits_hijing_overlay_pbpb23_medium_wp_step4_polyu_fixedRp.root
/usatlas/u/yuhanguo/usatlasdata/pythia_fullsim_hijing_overlay_test_sample_pbpb23/dr_correction_fits_hijing_overlay_pbpb23_medium_wp_step4_polyu_fixedRp_ss.root	/usatlas/u/yuhanguo/usatlasdata/pythia_fullsim_hijing_overlay_test_sample_pbpb23/mc_trig_eff/dr_correction/dr_correction_fits_hijing_overlay_pbpb23_medium_wp_step4_polyu_fixedRp_ss.root
/usatlas/u/yuhanguo/usatlasdata/pythia_fullsim_hijing_overlay_test_sample_pbpb23/dr_correction_fits_hijing_overlay_pbpb23_pt4bin_step3_expo.root	/usatlas/u/yuhanguo/usatlasdata/pythia_fullsim_hijing_overlay_test_sample_pbpb23/mc_trig_eff/dr_correction/dr_correction_fits_hijing_overlay_pbpb23_pt4bin_step3_expo.root
/usatlas/u/yuhanguo/usatlasdata/pythia_fullsim_hijing_overlay_test_sample_pbpb23/dr_correction_fits_hijing_overlay_pbpb23_pt4bin_step3_interp.root	/usatlas/u/yuhanguo/usatlasdata/pythia_fullsim_hijing_overlay_test_sample_pbpb23/mc_trig_eff/dr_correction/dr_correction_fits_hijing_overlay_pbpb23_pt4bin_step3_interp.root
/usatlas/u/yuhanguo/usatlasdata/pythia_fullsim_hijing_overlay_test_sample_pbpb23/dr_correction_fits_hijing_overlay_pbpb23_pt4bin_step3_polyu_fixedRp.root	/usatlas/u/yuhanguo/usatlasdata/pythia_fullsim_hijing_overlay_test_sample_pbpb23/mc_trig_eff/dr_correction/dr_correction_fits_hijing_overlay_pbpb23_pt4bin_step3_polyu_fixedRp.root
/usatlas/u/yuhanguo/usatlasdata/pythia_fullsim_hijing_overlay_test_sample_pbpb23/dr_correction_fits_hijing_overlay_pbpb23_pt4bin_step4_expo.root	/usatlas/u/yuhanguo/usatlasdata/pythia_fullsim_hijing_overlay_test_sample_pbpb23/mc_trig_eff/dr_correction/dr_correction_fits_hijing_overlay_pbpb23_pt4bin_step4_expo.root
/usatlas/u/yuhanguo/usatlasdata/pythia_fullsim_hijing_overlay_test_sample_pbpb23/dr_correction_fits_hijing_overlay_pbpb23_pt4bin_step4_interp.root	/usatlas/u/yuhanguo/usatlasdata/pythia_fullsim_hijing_overlay_test_sample_pbpb23/mc_trig_eff/dr_correction/dr_correction_fits_hijing_overlay_pbpb23_pt4bin_step4_interp.root
/usatlas/u/yuhanguo/usatlasdata/pythia_fullsim_hijing_overlay_test_sample_pbpb23/dr_correction_fits_hijing_overlay_pbpb23_pt4bin_step4_polyu_fixedRp.root	/usatlas/u/yuhanguo/usatlasdata/pythia_fullsim_hijing_overlay_test_sample_pbpb23/mc_trig_eff/dr_correction/dr_correction_fits_hijing_overlay_pbpb23_pt4bin_step4_polyu_fixedRp.root
/usatlas/u/yuhanguo/usatlasdata/pythia_fullsim_hijing_overlay_test_sample_pbpb23/dr_correction_fits_hijing_overlay_pbpb23_step3_expo_nocorr_ptmerge.root	/usatlas/u/yuhanguo/usatlasdata/pythia_fullsim_hijing_overlay_test_sample_pbpb23/mc_trig_eff/dr_correction/dr_correction_fits_hijing_overlay_pbpb23_step3_expo_nocorr_ptmerge.root
/usatlas/u/yuhanguo/usatlasdata/pythia_fullsim_hijing_overlay_test_sample_pbpb23/dr_correction_fits_hijing_overlay_pbpb23_step3_expo_nocorr.root	/usatlas/u/yuhanguo/usatlasdata/pythia_fullsim_hijing_overlay_test_sample_pbpb23/mc_trig_eff/dr_correction/dr_correction_fits_hijing_overlay_pbpb23_step3_expo_nocorr.root
/usatlas/u/yuhanguo/usatlasdata/pythia_fullsim_hijing_overlay_test_sample_pbpb23/dr_correction_fits_hijing_overlay_pbpb23_step3_expo_os_nocorr_ptmerge.root	/usatlas/u/yuhanguo/usatlasdata/pythia_fullsim_hijing_overlay_test_sample_pbpb23/mc_trig_eff/dr_correction/dr_correction_fits_hijing_overlay_pbpb23_step3_expo_os_nocorr_ptmerge.root
/usatlas/u/yuhanguo/usatlasdata/pythia_fullsim_hijing_overlay_test_sample_pbpb23/dr_correction_fits_hijing_overlay_pbpb23_step3_expo_os_nocorr.root	/usatlas/u/yuhanguo/usatlasdata/pythia_fullsim_hijing_overlay_test_sample_pbpb23/mc_trig_eff/dr_correction/dr_correction_fits_hijing_overlay_pbpb23_step3_expo_os_nocorr.root
/usatlas/u/yuhanguo/usatlasdata/pythia_fullsim_hijing_overlay_test_sample_pbpb23/dr_correction_fits_hijing_overlay_pbpb23_step3_expo_os.root	/usatlas/u/yuhanguo/usatlasdata/pythia_fullsim_hijing_overlay_test_sample_pbpb23/mc_trig_eff/dr_correction/dr_correction_fits_hijing_overlay_pbpb23_step3_expo_os.root
/usatlas/u/yuhanguo/usatlasdata/pythia_fullsim_hijing_overlay_test_sample_pbpb23/dr_correction_fits_hijing_overlay_pbpb23_step3_expo.root	/usatlas/u/yuhanguo/usatlasdata/pythia_fullsim_hijing_overlay_test_sample_pbpb23/mc_trig_eff/dr_correction/dr_correction_fits_hijing_overlay_pbpb23_step3_expo.root
/usatlas/u/yuhanguo/usatlasdata/pythia_fullsim_hijing_overlay_test_sample_pbpb23/dr_correction_fits_hijing_overlay_pbpb23_step3_expo_ss_nocorr_ptmerge.root	/usatlas/u/yuhanguo/usatlasdata/pythia_fullsim_hijing_overlay_test_sample_pbpb23/mc_trig_eff/dr_correction/dr_correction_fits_hijing_overlay_pbpb23_step3_expo_ss_nocorr_ptmerge.root
/usatlas/u/yuhanguo/usatlasdata/pythia_fullsim_hijing_overlay_test_sample_pbpb23/dr_correction_fits_hijing_overlay_pbpb23_step3_expo_ss_nocorr.root	/usatlas/u/yuhanguo/usatlasdata/pythia_fullsim_hijing_overlay_test_sample_pbpb23/mc_trig_eff/dr_correction/dr_correction_fits_hijing_overlay_pbpb23_step3_expo_ss_nocorr.root
/usatlas/u/yuhanguo/usatlasdata/pythia_fullsim_hijing_overlay_test_sample_pbpb23/dr_correction_fits_hijing_overlay_pbpb23_step3_expo_ss.root	/usatlas/u/yuhanguo/usatlasdata/pythia_fullsim_hijing_overlay_test_sample_pbpb23/mc_trig_eff/dr_correction/dr_correction_fits_hijing_overlay_pbpb23_step3_expo_ss.root
/usatlas/u/yuhanguo/usatlasdata/pythia_fullsim_hijing_overlay_test_sample_pbpb23/dr_correction_fits_hijing_overlay_pbpb23_step3_interp_nocorr_ptmerge.root	/usatlas/u/yuhanguo/usatlasdata/pythia_fullsim_hijing_overlay_test_sample_pbpb23/mc_trig_eff/dr_correction/dr_correction_fits_hijing_overlay_pbpb23_step3_interp_nocorr_ptmerge.root
/usatlas/u/yuhanguo/usatlasdata/pythia_fullsim_hijing_overlay_test_sample_pbpb23/dr_correction_fits_hijing_overlay_pbpb23_step3_interp_nocorr.root	/usatlas/u/yuhanguo/usatlasdata/pythia_fullsim_hijing_overlay_test_sample_pbpb23/mc_trig_eff/dr_correction/dr_correction_fits_hijing_overlay_pbpb23_step3_interp_nocorr.root
/usatlas/u/yuhanguo/usatlasdata/pythia_fullsim_hijing_overlay_test_sample_pbpb23/dr_correction_fits_hijing_overlay_pbpb23_step3_interp_os_nocorr_ptmerge.root	/usatlas/u/yuhanguo/usatlasdata/pythia_fullsim_hijing_overlay_test_sample_pbpb23/mc_trig_eff/dr_correction/dr_correction_fits_hijing_overlay_pbpb23_step3_interp_os_nocorr_ptmerge.root
/usatlas/u/yuhanguo/usatlasdata/pythia_fullsim_hijing_overlay_test_sample_pbpb23/dr_correction_fits_hijing_overlay_pbpb23_step3_interp_os_nocorr.root	/usatlas/u/yuhanguo/usatlasdata/pythia_fullsim_hijing_overlay_test_sample_pbpb23/mc_trig_eff/dr_correction/dr_correction_fits_hijing_overlay_pbpb23_step3_interp_os_nocorr.root
/usatlas/u/yuhanguo/usatlasdata/pythia_fullsim_hijing_overlay_test_sample_pbpb23/dr_correction_fits_hijing_overlay_pbpb23_step3_interp_os.root	/usatlas/u/yuhanguo/usatlasdata/pythia_fullsim_hijing_overlay_test_sample_pbpb23/mc_trig_eff/dr_correction/dr_correction_fits_hijing_overlay_pbpb23_step3_interp_os.root
/usatlas/u/yuhanguo/usatlasdata/pythia_fullsim_hijing_overlay_test_sample_pbpb23/dr_correction_fits_hijing_overlay_pbpb23_step3_interp.root	/usatlas/u/yuhanguo/usatlasdata/pythia_fullsim_hijing_overlay_test_sample_pbpb23/mc_trig_eff/dr_correction/dr_correction_fits_hijing_overlay_pbpb23_step3_interp.root
/usatlas/u/yuhanguo/usatlasdata/pythia_fullsim_hijing_overlay_test_sample_pbpb23/dr_correction_fits_hijing_overlay_pbpb23_step3_interp_ss_nocorr_ptmerge.root	/usatlas/u/yuhanguo/usatlasdata/pythia_fullsim_hijing_overlay_test_sample_pbpb23/mc_trig_eff/dr_correction/dr_correction_fits_hijing_overlay_pbpb23_step3_interp_ss_nocorr_ptmerge.root
/usatlas/u/yuhanguo/usatlasdata/pythia_fullsim_hijing_overlay_test_sample_pbpb23/dr_correction_fits_hijing_overlay_pbpb23_step3_interp_ss_nocorr.root	/usatlas/u/yuhanguo/usatlasdata/pythia_fullsim_hijing_overlay_test_sample_pbpb23/mc_trig_eff/dr_correction/dr_correction_fits_hijing_overlay_pbpb23_step3_interp_ss_nocorr.root
/usatlas/u/yuhanguo/usatlasdata/pythia_fullsim_hijing_overlay_test_sample_pbpb23/dr_correction_fits_hijing_overlay_pbpb23_step3_interp_ss.root	/usatlas/u/yuhanguo/usatlasdata/pythia_fullsim_hijing_overlay_test_sample_pbpb23/mc_trig_eff/dr_correction/dr_correction_fits_hijing_overlay_pbpb23_step3_interp_ss.root
/usatlas/u/yuhanguo/usatlasdata/pythia_fullsim_hijing_overlay_test_sample_pbpb23/dr_correction_fits_hijing_overlay_pbpb23_step3_polyu_fixedRp_nocorr_ptmerge.root	/usatlas/u/yuhanguo/usatlasdata/pythia_fullsim_hijing_overlay_test_sample_pbpb23/mc_trig_eff/dr_correction/dr_correction_fits_hijing_overlay_pbpb23_step3_polyu_fixedRp_nocorr_ptmerge.root
/usatlas/u/yuhanguo/usatlasdata/pythia_fullsim_hijing_overlay_test_sample_pbpb23/dr_correction_fits_hijing_overlay_pbpb23_step3_polyu_fixedRp_nocorr.root	/usatlas/u/yuhanguo/usatlasdata/pythia_fullsim_hijing_overlay_test_sample_pbpb23/mc_trig_eff/dr_correction/dr_correction_fits_hijing_overlay_pbpb23_step3_polyu_fixedRp_nocorr.root
/usatlas/u/yuhanguo/usatlasdata/pythia_fullsim_hijing_overlay_test_sample_pbpb23/dr_correction_fits_hijing_overlay_pbpb23_step3_polyu_fixedRp_os_nocorr_ptmerge.root	/usatlas/u/yuhanguo/usatlasdata/pythia_fullsim_hijing_overlay_test_sample_pbpb23/mc_trig_eff/dr_correction/dr_correction_fits_hijing_overlay_pbpb23_step3_polyu_fixedRp_os_nocorr_ptmerge.root
/usatlas/u/yuhanguo/usatlasdata/pythia_fullsim_hijing_overlay_test_sample_pbpb23/dr_correction_fits_hijing_overlay_pbpb23_step3_polyu_fixedRp_os_nocorr.root	/usatlas/u/yuhanguo/usatlasdata/pythia_fullsim_hijing_overlay_test_sample_pbpb23/mc_trig_eff/dr_correction/dr_correction_fits_hijing_overlay_pbpb23_step3_polyu_fixedRp_os_nocorr.root
/usatlas/u/yuhanguo/usatlasdata/pythia_fullsim_hijing_overlay_test_sample_pbpb23/dr_correction_fits_hijing_overlay_pbpb23_step3_polyu_fixedRp_os.root	/usatlas/u/yuhanguo/usatlasdata/pythia_fullsim_hijing_overlay_test_sample_pbpb23/mc_trig_eff/dr_correction/dr_correction_fits_hijing_overlay_pbpb23_step3_polyu_fixedRp_os.root
/usatlas/u/yuhanguo/usatlasdata/pythia_fullsim_hijing_overlay_test_sample_pbpb23/dr_correction_fits_hijing_overlay_pbpb23_step3_polyu_fixedRp.root	/usatlas/u/yuhanguo/usatlasdata/pythia_fullsim_hijing_overlay_test_sample_pbpb23/mc_trig_eff/dr_correction/dr_correction_fits_hijing_overlay_pbpb23_step3_polyu_fixedRp.root
/usatlas/u/yuhanguo/usatlasdata/pythia_fullsim_hijing_overlay_test_sample_pbpb23/dr_correction_fits_hijing_overlay_pbpb23_step3_polyu_fixedRp_ss_nocorr_ptmerge.root	/usatlas/u/yuhanguo/usatlasdata/pythia_fullsim_hijing_overlay_test_sample_pbpb23/mc_trig_eff/dr_correction/dr_correction_fits_hijing_overlay_pbpb23_step3_polyu_fixedRp_ss_nocorr_ptmerge.root
/usatlas/u/yuhanguo/usatlasdata/pythia_fullsim_hijing_overlay_test_sample_pbpb23/dr_correction_fits_hijing_overlay_pbpb23_step3_polyu_fixedRp_ss_nocorr.root	/usatlas/u/yuhanguo/usatlasdata/pythia_fullsim_hijing_overlay_test_sample_pbpb23/mc_trig_eff/dr_correction/dr_correction_fits_hijing_overlay_pbpb23_step3_polyu_fixedRp_ss_nocorr.root
/usatlas/u/yuhanguo/usatlasdata/pythia_fullsim_hijing_overlay_test_sample_pbpb23/dr_correction_fits_hijing_overlay_pbpb23_step3_polyu_fixedRp_ss.root	/usatlas/u/yuhanguo/usatlasdata/pythia_fullsim_hijing_overlay_test_sample_pbpb23/mc_trig_eff/dr_correction/dr_correction_fits_hijing_overlay_pbpb23_step3_polyu_fixedRp_ss.root
/usatlas/u/yuhanguo/usatlasdata/pythia_fullsim_hijing_overlay_test_sample_pbpb23/dr_correction_fits_hijing_overlay_pbpb23_step4_expo_os.root	/usatlas/u/yuhanguo/usatlasdata/pythia_fullsim_hijing_overlay_test_sample_pbpb23/mc_trig_eff/dr_correction/dr_correction_fits_hijing_overlay_pbpb23_step4_expo_os.root
/usatlas/u/yuhanguo/usatlasdata/pythia_fullsim_hijing_overlay_test_sample_pbpb23/dr_correction_fits_hijing_overlay_pbpb23_step4_expo.root	/usatlas/u/yuhanguo/usatlasdata/pythia_fullsim_hijing_overlay_test_sample_pbpb23/mc_trig_eff/dr_correction/dr_correction_fits_hijing_overlay_pbpb23_step4_expo.root
/usatlas/u/yuhanguo/usatlasdata/pythia_fullsim_hijing_overlay_test_sample_pbpb23/dr_correction_fits_hijing_overlay_pbpb23_step4_expo_ss.root	/usatlas/u/yuhanguo/usatlasdata/pythia_fullsim_hijing_overlay_test_sample_pbpb23/mc_trig_eff/dr_correction/dr_correction_fits_hijing_overlay_pbpb23_step4_expo_ss.root
/usatlas/u/yuhanguo/usatlasdata/pythia_fullsim_hijing_overlay_test_sample_pbpb23/dr_correction_fits_hijing_overlay_pbpb23_step4_interp_os.root	/usatlas/u/yuhanguo/usatlasdata/pythia_fullsim_hijing_overlay_test_sample_pbpb23/mc_trig_eff/dr_correction/dr_correction_fits_hijing_overlay_pbpb23_step4_interp_os.root
/usatlas/u/yuhanguo/usatlasdata/pythia_fullsim_hijing_overlay_test_sample_pbpb23/dr_correction_fits_hijing_overlay_pbpb23_step4_interp.root	/usatlas/u/yuhanguo/usatlasdata/pythia_fullsim_hijing_overlay_test_sample_pbpb23/mc_trig_eff/dr_correction/dr_correction_fits_hijing_overlay_pbpb23_step4_interp.root
/usatlas/u/yuhanguo/usatlasdata/pythia_fullsim_hijing_overlay_test_sample_pbpb23/dr_correction_fits_hijing_overlay_pbpb23_step4_interp_ss.root	/usatlas/u/yuhanguo/usatlasdata/pythia_fullsim_hijing_overlay_test_sample_pbpb23/mc_trig_eff/dr_correction/dr_correction_fits_hijing_overlay_pbpb23_step4_interp_ss.root
/usatlas/u/yuhanguo/usatlasdata/pythia_fullsim_hijing_overlay_test_sample_pbpb23/dr_correction_fits_hijing_overlay_pbpb23_step4_polyu_fixedRp_os.root	/usatlas/u/yuhanguo/usatlasdata/pythia_fullsim_hijing_overlay_test_sample_pbpb23/mc_trig_eff/dr_correction/dr_correction_fits_hijing_overlay_pbpb23_step4_polyu_fixedRp_os.root
/usatlas/u/yuhanguo/usatlasdata/pythia_fullsim_hijing_overlay_test_sample_pbpb23/dr_correction_fits_hijing_overlay_pbpb23_step4_polyu_fixedRp.root	/usatlas/u/yuhanguo/usatlasdata/pythia_fullsim_hijing_overlay_test_sample_pbpb23/mc_trig_eff/dr_correction/dr_correction_fits_hijing_overlay_pbpb23_step4_polyu_fixedRp.root
/usatlas/u/yuhanguo/usatlasdata/pythia_fullsim_hijing_overlay_test_sample_pbpb23/dr_correction_fits_hijing_overlay_pbpb23_step4_polyu_fixedRp_ss.root	/usatlas/u/yuhanguo/usatlasdata/pythia_fullsim_hijing_overlay_test_sample_pbpb23/mc_trig_eff/dr_correction/dr_correction_fits_hijing_overlay_pbpb23_step4_polyu_fixedRp_ss.root
/usatlas/u/yuhanguo/usatlasdata/pythia_fullsim_hijing_overlay_test_sample_pbpb23/mc_trig_eff_fit_plots	/usatlas/u/yuhanguo/usatlasdata/pythia_fullsim_hijing_overlay_test_sample_pbpb23/backup/mc_trig_eff_fit_plots
/usatlas/u/yuhanguo/usatlasdata/pythia_fullsim_no_overlay_test_sample/mc_trig_eff_hists_r17663_no_overlay_medium_wp_pt4bin.root	/usatlas/u/yuhanguo/usatlasdata/pythia_fullsim_no_overlay_test_sample/mc_trig_eff/hists/mc_trig_eff_hists_r17663_no_overlay_medium_wp_pt4bin.root
/usatlas/u/yuhanguo/usatlasdata/pythia_fullsim_no_overlay_test_sample/mc_trig_eff_hists_r17663_no_overlay_medium_wp_pt4bin_sanity.root	/usatlas/u/yuhanguo/usatlasdata/pythia_fullsim_no_overlay_test_sample/mc_trig_eff/hists/mc_trig_eff_hists_r17663_no_overlay_medium_wp_pt4bin_sanity.root
/usatlas/u/yuhanguo/usatlasdata/pythia_fullsim_no_overlay_test_sample/mc_trig_eff_hists_r17663_no_overlay_medium_wp_pt4bin_step3.root	/usatlas/u/yuhanguo/usatlasdata/pythia_fullsim_no_overlay_test_sample/mc_trig_eff/hists/mc_trig_eff_hists_r17663_no_overlay_medium_wp_pt4bin_step3.root
/usatlas/u/yuhanguo/usatlasdata/pythia_fullsim_no_overlay_test_sample/mc_trig_eff_hists_r17663_no_overlay_medium_wp_pt4bin_step4.root	/usatlas/u/yuhanguo/usatlasdata/pythia_fullsim_no_overlay_test_sample/mc_trig_eff/hists/mc_trig_eff_hists_r17663_no_overlay_medium_wp_pt4bin_step4.root
/usatlas/u/yuhanguo/usatlasdata/pythia_fullsim_no_overlay_test_sample/mc_trig_eff_hists_r17663_no_overlay_medium_wp.root	/usatlas/u/yuhanguo/usatlasdata/pythia_fullsim_no_overlay_test_sample/mc_trig_eff/hists/mc_trig_eff_hists_r17663_no_overlay_medium_wp.root
/usatlas/u/yuhanguo/usatlasdata/pythia_fullsim_no_overlay_test_sample/mc_trig_eff_hists_r17663_no_overlay_medium_wp_sanity.root	/usatlas/u/yuhanguo/usatlasdata/pythia_fullsim_no_overlay_test_sample/mc_trig_eff/hists/mc_trig_eff_hists_r17663_no_overlay_medium_wp_sanity.root
/usatlas/u/yuhanguo/usatlasdata/pythia_fullsim_no_overlay_test_sample/mc_trig_eff_hists_r17663_no_overlay_medium_wp_step3.root	/usatlas/u/yuhanguo/usatlasdata/pythia_fullsim_no_overlay_test_sample/mc_trig_eff/hists/mc_trig_eff_hists_r17663_no_overlay_medium_wp_step3.root
/usatlas/u/yuhanguo/usatlasdata/pythia_fullsim_no_overlay_test_sample/mc_trig_eff_hists_r17663_no_overlay_medium_wp_step4.root	/usatlas/u/yuhanguo/usatlasdata/pythia_fullsim_no_overlay_test_sample/mc_trig_eff/hists/mc_trig_eff_hists_r17663_no_overlay_medium_wp_step4.root
/usatlas/u/yuhanguo/usatlasdata/pythia_fullsim_no_overlay_test_sample/mc_trig_eff_hists_r17663_no_overlay_pt4bin.root	/usatlas/u/yuhanguo/usatlasdata/pythia_fullsim_no_overlay_test_sample/mc_trig_eff/hists/mc_trig_eff_hists_r17663_no_overlay_pt4bin.root
/usatlas/u/yuhanguo/usatlasdata/pythia_fullsim_no_overlay_test_sample/mc_trig_eff_hists_r17663_no_overlay_pt4bin_sanity.root	/usatlas/u/yuhanguo/usatlasdata/pythia_fullsim_no_overlay_test_sample/mc_trig_eff/hists/mc_trig_eff_hists_r17663_no_overlay_pt4bin_sanity.root
/usatlas/u/yuhanguo/usatlasdata/pythia_fullsim_no_overlay_test_sample/mc_trig_eff_hists_r17663_no_overlay_pt4bin_step3.root	/usatlas/u/yuhanguo/usatlasdata/pythia_fullsim_no_overlay_test_sample/mc_trig_eff/hists/mc_trig_eff_hists_r17663_no_overlay_pt4bin_step3.root
/usatlas/u/yuhanguo/usatlasdata/pythia_fullsim_no_overlay_test_sample/mc_trig_eff_hists_r17663_no_overlay_pt4bin_step4.root	/usatlas/u/yuhanguo/usatlasdata/pythia_fullsim_no_overlay_test_sample/mc_trig_eff/hists/mc_trig_eff_hists_r17663_no_overlay_pt4bin_step4.root
/usatlas/u/yuhanguo/usatlasdata/pythia_fullsim_no_overlay_test_sample/mc_trig_eff_hists_r17663_no_overlay.root	/usatlas/u/yuhanguo/usatlasdata/pythia_fullsim_no_overlay_test_sample/mc_trig_eff/hists/mc_trig_eff_hists_r17663_no_overlay.root
/usatlas/u/yuhanguo/usatlasdata/pythia_fullsim_no_overlay_test_sample/mc_trig_eff_hists_r17663_no_overlay_sanity.root	/usatlas/u/yuhanguo/usatlasdata/pythia_fullsim_no_overlay_test_sample/mc_trig_eff/hists/mc_trig_eff_hists_r17663_no_overlay_sanity.root
/usatlas/u/yuhanguo/usatlasdata/pythia_fullsim_no_overlay_test_sample/mc_trig_eff_hists_r17663_no_overlay_step3.root	/usatlas/u/yuhanguo/usatlasdata/pythia_fullsim_no_overlay_test_sample/mc_trig_eff/hists/mc_trig_eff_hists_r17663_no_overlay_step3.root
/usatlas/u/yuhanguo/usatlasdata/pythia_fullsim_no_overlay_test_sample/mc_trig_eff_hists_r17663_no_overlay_step4.root	/usatlas/u/yuhanguo/usatlasdata/pythia_fullsim_no_overlay_test_sample/mc_trig_eff/hists/mc_trig_eff_hists_r17663_no_overlay_step4.root
/usatlas/u/yuhanguo/usatlasdata/pythia_fullsim_no_overlay_test_sample/single_mu_effcy_pT_fit_mc_medium_wp.root	/usatlas/u/yuhanguo/usatlasdata/pythia_fullsim_no_overlay_test_sample/mc_trig_eff/singles_fits/single_mu_effcy_pT_fit_mc_r17663_no_overlay_medium_wp.root
/usatlas/u/yuhanguo/usatlasdata/pythia_fullsim_no_overlay_test_sample/single_mu_effcy_pT_fit_mc.root	/usatlas/u/yuhanguo/usatlasdata/pythia_fullsim_no_overlay_test_sample/mc_trig_eff/singles_fits/single_mu_effcy_pT_fit_mc_r17663_no_overlay.root
/usatlas/u/yuhanguo/usatlasdata/pythia_fullsim_no_overlay_test_sample/dr_correction_plateaus_r17663_no_overlay_medium_wp_pt4bin.root	/usatlas/u/yuhanguo/usatlasdata/pythia_fullsim_no_overlay_test_sample/mc_trig_eff/dr_correction/dr_correction_plateaus_r17663_no_overlay_medium_wp_pt4bin.root
/usatlas/u/yuhanguo/usatlasdata/pythia_fullsim_no_overlay_test_sample/dr_correction_plateaus_r17663_no_overlay_medium_wp.root	/usatlas/u/yuhanguo/usatlasdata/pythia_fullsim_no_overlay_test_sample/mc_trig_eff/dr_correction/dr_correction_plateaus_r17663_no_overlay_medium_wp.root
/usatlas/u/yuhanguo/usatlasdata/pythia_fullsim_no_overlay_test_sample/dr_correction_plateaus_r17663_no_overlay_pt4bin.root	/usatlas/u/yuhanguo/usatlasdata/pythia_fullsim_no_overlay_test_sample/mc_trig_eff/dr_correction/dr_correction_plateaus_r17663_no_overlay_pt4bin.root
/usatlas/u/yuhanguo/usatlasdata/pythia_fullsim_no_overlay_test_sample/dr_correction_plateaus_r17663_no_overlay.root	/usatlas/u/yuhanguo/usatlasdata/pythia_fullsim_no_overlay_test_sample/mc_trig_eff/dr_correction/dr_correction_plateaus_r17663_no_overlay.root
/usatlas/u/yuhanguo/usatlasdata/pythia_fullsim_no_overlay_test_sample/dr_correction_fits_r17663_no_overlay_medium_wp_pt4bin_step3_expo.root	/usatlas/u/yuhanguo/usatlasdata/pythia_fullsim_no_overlay_test_sample/mc_trig_eff/dr_correction/dr_correction_fits_r17663_no_overlay_medium_wp_pt4bin_step3_expo.root
/usatlas/u/yuhanguo/usatlasdata/pythia_fullsim_no_overlay_test_sample/dr_correction_fits_r17663_no_overlay_medium_wp_pt4bin_step3_interp.root	/usatlas/u/yuhanguo/usatlasdata/pythia_fullsim_no_overlay_test_sample/mc_trig_eff/dr_correction/dr_correction_fits_r17663_no_overlay_medium_wp_pt4bin_step3_interp.root
/usatlas/u/yuhanguo/usatlasdata/pythia_fullsim_no_overlay_test_sample/dr_correction_fits_r17663_no_overlay_medium_wp_pt4bin_step3_polyu_fixedRp.root	/usatlas/u/yuhanguo/usatlasdata/pythia_fullsim_no_overlay_test_sample/mc_trig_eff/dr_correction/dr_correction_fits_r17663_no_overlay_medium_wp_pt4bin_step3_polyu_fixedRp.root
/usatlas/u/yuhanguo/usatlasdata/pythia_fullsim_no_overlay_test_sample/dr_correction_fits_r17663_no_overlay_medium_wp_pt4bin_step4_expo.root	/usatlas/u/yuhanguo/usatlasdata/pythia_fullsim_no_overlay_test_sample/mc_trig_eff/dr_correction/dr_correction_fits_r17663_no_overlay_medium_wp_pt4bin_step4_expo.root
/usatlas/u/yuhanguo/usatlasdata/pythia_fullsim_no_overlay_test_sample/dr_correction_fits_r17663_no_overlay_medium_wp_pt4bin_step4_interp.root	/usatlas/u/yuhanguo/usatlasdata/pythia_fullsim_no_overlay_test_sample/mc_trig_eff/dr_correction/dr_correction_fits_r17663_no_overlay_medium_wp_pt4bin_step4_interp.root
/usatlas/u/yuhanguo/usatlasdata/pythia_fullsim_no_overlay_test_sample/dr_correction_fits_r17663_no_overlay_medium_wp_pt4bin_step4_polyu_fixedRp.root	/usatlas/u/yuhanguo/usatlasdata/pythia_fullsim_no_overlay_test_sample/mc_trig_eff/dr_correction/dr_correction_fits_r17663_no_overlay_medium_wp_pt4bin_step4_polyu_fixedRp.root
/usatlas/u/yuhanguo/usatlasdata/pythia_fullsim_no_overlay_test_sample/dr_correction_fits_r17663_no_overlay_medium_wp_step3_expo.root	/usatlas/u/yuhanguo/usatlasdata/pythia_fullsim_no_overlay_test_sample/mc_trig_eff/dr_correction/dr_correction_fits_r17663_no_overlay_medium_wp_step3_expo.root
/usatlas/u/yuhanguo/usatlasdata/pythia_fullsim_no_overlay_test_sample/dr_correction_fits_r17663_no_overlay_medium_wp_step3_interp.root	/usatlas/u/yuhanguo/usatlasdata/pythia_fullsim_no_overlay_test_sample/mc_trig_eff/dr_correction/dr_correction_fits_r17663_no_overlay_medium_wp_step3_interp.root
/usatlas/u/yuhanguo/usatlasdata/pythia_fullsim_no_overlay_test_sample/dr_correction_fits_r17663_no_overlay_medium_wp_step3_polyu_fixedRp.root	/usatlas/u/yuhanguo/usatlasdata/pythia_fullsim_no_overlay_test_sample/mc_trig_eff/dr_correction/dr_correction_fits_r17663_no_overlay_medium_wp_step3_polyu_fixedRp.root
/usatlas/u/yuhanguo/usatlasdata/pythia_fullsim_no_overlay_test_sample/dr_correction_fits_r17663_no_overlay_medium_wp_step4_expo.root	/usatlas/u/yuhanguo/usatlasdata/pythia_fullsim_no_overlay_test_sample/mc_trig_eff/dr_correction/dr_correction_fits_r17663_no_overlay_medium_wp_step4_expo.root
/usatlas/u/yuhanguo/usatlasdata/pythia_fullsim_no_overlay_test_sample/dr_correction_fits_r17663_no_overlay_medium_wp_step4_interp.root	/usatlas/u/yuhanguo/usatlasdata/pythia_fullsim_no_overlay_test_sample/mc_trig_eff/dr_correction/dr_correction_fits_r17663_no_overlay_medium_wp_step4_interp.root
/usatlas/u/yuhanguo/usatlasdata/pythia_fullsim_no_overlay_test_sample/dr_correction_fits_r17663_no_overlay_medium_wp_step4_polyu_fixedRp.root	/usatlas/u/yuhanguo/usatlasdata/pythia_fullsim_no_overlay_test_sample/mc_trig_eff/dr_correction/dr_correction_fits_r17663_no_overlay_medium_wp_step4_polyu_fixedRp.root
/usatlas/u/yuhanguo/usatlasdata/pythia_fullsim_no_overlay_test_sample/dr_correction_fits_r17663_no_overlay_pt4bin_step3_expo.root	/usatlas/u/yuhanguo/usatlasdata/pythia_fullsim_no_overlay_test_sample/mc_trig_eff/dr_correction/dr_correction_fits_r17663_no_overlay_pt4bin_step3_expo.root
/usatlas/u/yuhanguo/usatlasdata/pythia_fullsim_no_overlay_test_sample/dr_correction_fits_r17663_no_overlay_pt4bin_step3_interp.root	/usatlas/u/yuhanguo/usatlasdata/pythia_fullsim_no_overlay_test_sample/mc_trig_eff/dr_correction/dr_correction_fits_r17663_no_overlay_pt4bin_step3_interp.root
/usatlas/u/yuhanguo/usatlasdata/pythia_fullsim_no_overlay_test_sample/dr_correction_fits_r17663_no_overlay_pt4bin_step3_polyu_fixedRp.root	/usatlas/u/yuhanguo/usatlasdata/pythia_fullsim_no_overlay_test_sample/mc_trig_eff/dr_correction/dr_correction_fits_r17663_no_overlay_pt4bin_step3_polyu_fixedRp.root
/usatlas/u/yuhanguo/usatlasdata/pythia_fullsim_no_overlay_test_sample/dr_correction_fits_r17663_no_overlay_pt4bin_step4_expo.root	/usatlas/u/yuhanguo/usatlasdata/pythia_fullsim_no_overlay_test_sample/mc_trig_eff/dr_correction/dr_correction_fits_r17663_no_overlay_pt4bin_step4_expo.root
/usatlas/u/yuhanguo/usatlasdata/pythia_fullsim_no_overlay_test_sample/dr_correction_fits_r17663_no_overlay_pt4bin_step4_interp.root	/usatlas/u/yuhanguo/usatlasdata/pythia_fullsim_no_overlay_test_sample/mc_trig_eff/dr_correction/dr_correction_fits_r17663_no_overlay_pt4bin_step4_interp.root
/usatlas/u/yuhanguo/usatlasdata/pythia_fullsim_no_overlay_test_sample/dr_correction_fits_r17663_no_overlay_pt4bin_step4_polyu_fixedRp.root	/usatlas/u/yuhanguo/usatlasdata/pythia_fullsim_no_overlay_test_sample/mc_trig_eff/dr_correction/dr_correction_fits_r17663_no_overlay_pt4bin_step4_polyu_fixedRp.root
/usatlas/u/yuhanguo/usatlasdata/pythia_fullsim_no_overlay_test_sample/dr_correction_fits_r17663_no_overlay_step3_expo.root	/usatlas/u/yuhanguo/usatlasdata/pythia_fullsim_no_overlay_test_sample/mc_trig_eff/dr_correction/dr_correction_fits_r17663_no_overlay_step3_expo.root
/usatlas/u/yuhanguo/usatlasdata/pythia_fullsim_no_overlay_test_sample/dr_correction_fits_r17663_no_overlay_step3_interp.root	/usatlas/u/yuhanguo/usatlasdata/pythia_fullsim_no_overlay_test_sample/mc_trig_eff/dr_correction/dr_correction_fits_r17663_no_overlay_step3_interp.root
/usatlas/u/yuhanguo/usatlasdata/pythia_fullsim_no_overlay_test_sample/dr_correction_fits_r17663_no_overlay_step3_polyu_fixedRp.root	/usatlas/u/yuhanguo/usatlasdata/pythia_fullsim_no_overlay_test_sample/mc_trig_eff/dr_correction/dr_correction_fits_r17663_no_overlay_step3_polyu_fixedRp.root
/usatlas/u/yuhanguo/usatlasdata/pythia_fullsim_no_overlay_test_sample/dr_correction_fits_r17663_no_overlay_step4_expo.root	/usatlas/u/yuhanguo/usatlasdata/pythia_fullsim_no_overlay_test_sample/mc_trig_eff/dr_correction/dr_correction_fits_r17663_no_overlay_step4_expo.root
/usatlas/u/yuhanguo/usatlasdata/pythia_fullsim_no_overlay_test_sample/dr_correction_fits_r17663_no_overlay_step4_interp.root	/usatlas/u/yuhanguo/usatlasdata/pythia_fullsim_no_overlay_test_sample/mc_trig_eff/dr_correction/dr_correction_fits_r17663_no_overlay_step4_interp.root
/usatlas/u/yuhanguo/usatlasdata/pythia_fullsim_no_overlay_test_sample/dr_correction_fits_r17663_no_overlay_step4_polyu_fixedRp.root	/usatlas/u/yuhanguo/usatlasdata/pythia_fullsim_no_overlay_test_sample/mc_trig_eff/dr_correction/dr_correction_fits_r17663_no_overlay_step4_polyu_fixedRp.root
/usatlas/u/yuhanguo/usatlasdata/pythia_fullsim_no_overlay_test_sample/mc_trig_eff_fit_plots	/usatlas/u/yuhanguo/usatlasdata/pythia_fullsim_no_overlay_test_sample/backup/mc_trig_eff_fit_plots
/usatlas/u/yuhanguo/usatlasdata/pythia_fullsim_full_sample/histograms_pythia_fullsim_pp24_no_data_resonance_cuts_full.bak_20260720_215730.root	/usatlas/u/yuhanguo/usatlasdata/pythia_fullsim_full_sample/backup/histograms_pythia_fullsim_pp24_no_data_resonance_cuts_full.bak_20260720_215730.root
/usatlas/u/yuhanguo/usatlasdata/pythia_fullsim_full_sample/histograms_pythia_fullsim_pp24_no_data_resonance_cuts_full.bak_20260908_183054.root	/usatlas/u/yuhanguo/usatlasdata/pythia_fullsim_full_sample/backup/histograms_pythia_fullsim_pp24_no_data_resonance_cuts_full.bak_20260908_183054.root
/usatlas/u/yuhanguo/usatlasdata/pythia_fullsim_full_sample/histograms_pythia_fullsim_pp24_no_data_resonance_cuts_full.bak_20260910_055303.root	/usatlas/u/yuhanguo/usatlasdata/pythia_fullsim_full_sample/backup/histograms_pythia_fullsim_pp24_no_data_resonance_cuts_full.bak_20260910_055303.root
/usatlas/u/yuhanguo/usatlasdata/pythia_fullsim_full_sample/histograms_pythia_fullsim_pp24_no_data_resonance_cuts_full.root.bak_pre_paireff_20260817	/usatlas/u/yuhanguo/usatlasdata/pythia_fullsim_full_sample/backup/histograms_pythia_fullsim_pp24_no_data_resonance_cuts_full.root.bak_pre_paireff_20260817
/usatlas/u/yuhanguo/usatlasdata/pythia_fullsim_full_sample/muon_pairs_pythia_fullsim_pp24_no_data_resonance_cuts_full.bak_20260720_181426.root	/usatlas/u/yuhanguo/usatlasdata/pythia_fullsim_full_sample/backup/muon_pairs_pythia_fullsim_pp24_no_data_resonance_cuts_full.bak_20260720_181426.root
/usatlas/u/yuhanguo/usatlasdata/pythia_fullsim_full_sample/muon_pairs_pythia_fullsim_pp24_no_data_resonance_cuts_full.bak_20260908_110008.root	/usatlas/u/yuhanguo/usatlasdata/pythia_fullsim_full_sample/backup/muon_pairs_pythia_fullsim_pp24_no_data_resonance_cuts_full.bak_20260908_110008.root
/usatlas/u/yuhanguo/usatlasdata/pythia_fullsim_full_sample/muon_pairs_pythia_fullsim_pp24_no_data_resonance_cuts_full.bak_20260909_225429.root	/usatlas/u/yuhanguo/usatlasdata/pythia_fullsim_full_sample/backup/muon_pairs_pythia_fullsim_pp24_no_data_resonance_cuts_full.bak_20260909_225429.root
/usatlas/u/yuhanguo/usatlasdata/pythia_fullsim_full_sample/muon_pairs_pythia_fullsim_pp24_no_data_resonance_cuts_mc_trig_full.bak_20260909_225442.root	/usatlas/u/yuhanguo/usatlasdata/pythia_fullsim_full_sample/backup/muon_pairs_pythia_fullsim_pp24_no_data_resonance_cuts_mc_trig_full.bak_20260909_225442.root
/usatlas/u/yuhanguo/usatlasdata/pythia_fullsim_full_sample/muon_pairs_pythia_fullsim_pp24_no_data_resonance_cuts_mc_trig_single_muon_full.bak_20260909_225458.root	/usatlas/u/yuhanguo/usatlasdata/pythia_fullsim_full_sample/backup/muon_pairs_pythia_fullsim_pp24_no_data_resonance_cuts_mc_trig_single_muon_full.bak_20260909_225458.root
/usatlas/u/yuhanguo/usatlasdata/pythia_fullsim_full_sample/muon_pairs_pythia_fullsim_pp24_no_data_resonance_cuts_single_muon_full.bak_20260720_181426.root	/usatlas/u/yuhanguo/usatlasdata/pythia_fullsim_full_sample/backup/muon_pairs_pythia_fullsim_pp24_no_data_resonance_cuts_single_muon_full.bak_20260720_181426.root
/usatlas/u/yuhanguo/usatlasdata/pythia_fullsim_full_sample/muon_pairs_pythia_fullsim_pp24_no_data_resonance_cuts_single_muon_full.bak_20260908_110019.root	/usatlas/u/yuhanguo/usatlasdata/pythia_fullsim_full_sample/backup/muon_pairs_pythia_fullsim_pp24_no_data_resonance_cuts_single_muon_full.bak_20260908_110019.root
/usatlas/u/yuhanguo/usatlasdata/pythia_fullsim_full_sample/muon_pairs_pythia_fullsim_pp24_no_data_resonance_cuts_single_muon_full.bak_20260909_225440.root	/usatlas/u/yuhanguo/usatlasdata/pythia_fullsim_full_sample/backup/muon_pairs_pythia_fullsim_pp24_no_data_resonance_cuts_single_muon_full.bak_20260909_225440.root
/usatlas/u/yuhanguo/usatlasdata/pythia_fullsim_full_sample/pair_trig_eff_pp24_full.bak_20260910_161102.root	/usatlas/u/yuhanguo/usatlasdata/pythia_fullsim_full_sample/backup/pair_trig_eff_pp24_full.bak_20260910_161102.root
/usatlas/u/yuhanguo/usatlasdata/pythia_fullsim_full_sample/mc_trig_eff_hists_pp24_full_corrected.root	/usatlas/u/yuhanguo/usatlasdata/pythia_fullsim_full_sample/mc_trig_eff/hists/mc_trig_eff_hists_pp24_full_corrected.root
/usatlas/u/yuhanguo/usatlasdata/pythia_fullsim_full_sample/mc_trig_eff_hists_pp24_full_corrected_sfclosure.root	/usatlas/u/yuhanguo/usatlasdata/pythia_fullsim_full_sample/mc_trig_eff/hists/mc_trig_eff_hists_pp24_full_corrected_sfclosure.root
/usatlas/u/yuhanguo/usatlasdata/pythia_fullsim_full_sample/mc_trig_eff_hists_pp24_full_corrected_sfclosure_step3.root	/usatlas/u/yuhanguo/usatlasdata/pythia_fullsim_full_sample/mc_trig_eff/hists/mc_trig_eff_hists_pp24_full_corrected_sfclosure_step3.root
/usatlas/u/yuhanguo/usatlasdata/pythia_fullsim_full_sample/mc_trig_eff_hists_pp24_full_corrected_sfclosure_step4.root	/usatlas/u/yuhanguo/usatlasdata/pythia_fullsim_full_sample/mc_trig_eff/hists/mc_trig_eff_hists_pp24_full_corrected_sfclosure_step4.root
/usatlas/u/yuhanguo/usatlasdata/pythia_fullsim_full_sample/mc_trig_eff_hists_pp24_full_corrected_step3.root	/usatlas/u/yuhanguo/usatlasdata/pythia_fullsim_full_sample/mc_trig_eff/hists/mc_trig_eff_hists_pp24_full_corrected_step3.root
/usatlas/u/yuhanguo/usatlasdata/pythia_fullsim_full_sample/mc_trig_eff_hists_pp24_full_corrected_step4.root	/usatlas/u/yuhanguo/usatlasdata/pythia_fullsim_full_sample/mc_trig_eff/hists/mc_trig_eff_hists_pp24_full_corrected_step4.root
/usatlas/u/yuhanguo/usatlasdata/pythia_fullsim_full_sample/mc_trig_eff_hists_pp24_full_medium_wp_corrected.root	/usatlas/u/yuhanguo/usatlasdata/pythia_fullsim_full_sample/mc_trig_eff/hists/mc_trig_eff_hists_pp24_full_medium_wp_corrected.root
/usatlas/u/yuhanguo/usatlasdata/pythia_fullsim_full_sample/mc_trig_eff_hists_pp24_full_medium_wp_corrected_sfclosure.root	/usatlas/u/yuhanguo/usatlasdata/pythia_fullsim_full_sample/mc_trig_eff/hists/mc_trig_eff_hists_pp24_full_medium_wp_corrected_sfclosure.root
/usatlas/u/yuhanguo/usatlasdata/pythia_fullsim_full_sample/mc_trig_eff_hists_pp24_full_medium_wp_corrected_sfclosure_step3.root	/usatlas/u/yuhanguo/usatlasdata/pythia_fullsim_full_sample/mc_trig_eff/hists/mc_trig_eff_hists_pp24_full_medium_wp_corrected_sfclosure_step3.root
/usatlas/u/yuhanguo/usatlasdata/pythia_fullsim_full_sample/mc_trig_eff_hists_pp24_full_medium_wp_corrected_sfclosure_step4.root	/usatlas/u/yuhanguo/usatlasdata/pythia_fullsim_full_sample/mc_trig_eff/hists/mc_trig_eff_hists_pp24_full_medium_wp_corrected_sfclosure_step4.root
/usatlas/u/yuhanguo/usatlasdata/pythia_fullsim_full_sample/mc_trig_eff_hists_pp24_full_medium_wp_corrected_step3.root	/usatlas/u/yuhanguo/usatlasdata/pythia_fullsim_full_sample/mc_trig_eff/hists/mc_trig_eff_hists_pp24_full_medium_wp_corrected_step3.root
/usatlas/u/yuhanguo/usatlasdata/pythia_fullsim_full_sample/mc_trig_eff_hists_pp24_full_medium_wp_corrected_step4.root	/usatlas/u/yuhanguo/usatlasdata/pythia_fullsim_full_sample/mc_trig_eff/hists/mc_trig_eff_hists_pp24_full_medium_wp_corrected_step4.root
/usatlas/u/yuhanguo/usatlasdata/pythia_fullsim_full_sample/mc_trig_eff_hists_pp24_full_medium_wp_pt4bin.root	/usatlas/u/yuhanguo/usatlasdata/pythia_fullsim_full_sample/mc_trig_eff/hists/mc_trig_eff_hists_pp24_full_medium_wp_pt4bin.root
/usatlas/u/yuhanguo/usatlasdata/pythia_fullsim_full_sample/mc_trig_eff_hists_pp24_full_medium_wp_pt4bin_sanity.root	/usatlas/u/yuhanguo/usatlasdata/pythia_fullsim_full_sample/mc_trig_eff/hists/mc_trig_eff_hists_pp24_full_medium_wp_pt4bin_sanity.root
/usatlas/u/yuhanguo/usatlasdata/pythia_fullsim_full_sample/mc_trig_eff_hists_pp24_full_medium_wp_pt4bin_step3.root	/usatlas/u/yuhanguo/usatlasdata/pythia_fullsim_full_sample/mc_trig_eff/hists/mc_trig_eff_hists_pp24_full_medium_wp_pt4bin_step3.root
/usatlas/u/yuhanguo/usatlasdata/pythia_fullsim_full_sample/mc_trig_eff_hists_pp24_full_medium_wp_pt4bin_step4.root	/usatlas/u/yuhanguo/usatlasdata/pythia_fullsim_full_sample/mc_trig_eff/hists/mc_trig_eff_hists_pp24_full_medium_wp_pt4bin_step4.root
/usatlas/u/yuhanguo/usatlasdata/pythia_fullsim_full_sample/mc_trig_eff_hists_pp24_full_medium_wp.root	/usatlas/u/yuhanguo/usatlasdata/pythia_fullsim_full_sample/mc_trig_eff/hists/mc_trig_eff_hists_pp24_full_medium_wp.root
/usatlas/u/yuhanguo/usatlasdata/pythia_fullsim_full_sample/mc_trig_eff_hists_pp24_full_medium_wp_sanity.root	/usatlas/u/yuhanguo/usatlasdata/pythia_fullsim_full_sample/mc_trig_eff/hists/mc_trig_eff_hists_pp24_full_medium_wp_sanity.root
/usatlas/u/yuhanguo/usatlasdata/pythia_fullsim_full_sample/mc_trig_eff_hists_pp24_full_medium_wp_step3.root	/usatlas/u/yuhanguo/usatlasdata/pythia_fullsim_full_sample/mc_trig_eff/hists/mc_trig_eff_hists_pp24_full_medium_wp_step3.root
/usatlas/u/yuhanguo/usatlasdata/pythia_fullsim_full_sample/mc_trig_eff_hists_pp24_full_medium_wp_step4.root	/usatlas/u/yuhanguo/usatlasdata/pythia_fullsim_full_sample/mc_trig_eff/hists/mc_trig_eff_hists_pp24_full_medium_wp_step4.root
/usatlas/u/yuhanguo/usatlasdata/pythia_fullsim_full_sample/mc_trig_eff_hists_pp24_full_nogapcut.root	/usatlas/u/yuhanguo/usatlasdata/pythia_fullsim_full_sample/mc_trig_eff/hists/mc_trig_eff_hists_pp24_full_nogapcut.root
/usatlas/u/yuhanguo/usatlasdata/pythia_fullsim_full_sample/mc_trig_eff_hists_pp24_full_pt4bin.root	/usatlas/u/yuhanguo/usatlasdata/pythia_fullsim_full_sample/mc_trig_eff/hists/mc_trig_eff_hists_pp24_full_pt4bin.root
/usatlas/u/yuhanguo/usatlasdata/pythia_fullsim_full_sample/mc_trig_eff_hists_pp24_full_pt4bin_sanity.root	/usatlas/u/yuhanguo/usatlasdata/pythia_fullsim_full_sample/mc_trig_eff/hists/mc_trig_eff_hists_pp24_full_pt4bin_sanity.root
/usatlas/u/yuhanguo/usatlasdata/pythia_fullsim_full_sample/mc_trig_eff_hists_pp24_full_pt4bin_step3.root	/usatlas/u/yuhanguo/usatlasdata/pythia_fullsim_full_sample/mc_trig_eff/hists/mc_trig_eff_hists_pp24_full_pt4bin_step3.root
/usatlas/u/yuhanguo/usatlasdata/pythia_fullsim_full_sample/mc_trig_eff_hists_pp24_full_pt4bin_step4.root	/usatlas/u/yuhanguo/usatlasdata/pythia_fullsim_full_sample/mc_trig_eff/hists/mc_trig_eff_hists_pp24_full_pt4bin_step4.root
/usatlas/u/yuhanguo/usatlasdata/pythia_fullsim_full_sample/mc_trig_eff_hists_pp24_full.root	/usatlas/u/yuhanguo/usatlasdata/pythia_fullsim_full_sample/mc_trig_eff/hists/mc_trig_eff_hists_pp24_full.root
/usatlas/u/yuhanguo/usatlasdata/pythia_fullsim_full_sample/mc_trig_eff_hists_pp24_full_sanity.root	/usatlas/u/yuhanguo/usatlasdata/pythia_fullsim_full_sample/mc_trig_eff/hists/mc_trig_eff_hists_pp24_full_sanity.root
/usatlas/u/yuhanguo/usatlasdata/pythia_fullsim_full_sample/mc_trig_eff_hists_pp24_full_step3.root	/usatlas/u/yuhanguo/usatlasdata/pythia_fullsim_full_sample/mc_trig_eff/hists/mc_trig_eff_hists_pp24_full_step3.root
/usatlas/u/yuhanguo/usatlasdata/pythia_fullsim_full_sample/mc_trig_eff_hists_pp24_full_step4.root	/usatlas/u/yuhanguo/usatlasdata/pythia_fullsim_full_sample/mc_trig_eff/hists/mc_trig_eff_hists_pp24_full_step4.root
/usatlas/u/yuhanguo/usatlasdata/pythia_fullsim_full_sample/single_mu_effcy_pT_fit_mc_corrected_medium_wp.root	/usatlas/u/yuhanguo/usatlasdata/pythia_fullsim_full_sample/mc_trig_eff/singles_fits/single_mu_effcy_pT_fit_mc_pp24_full_corrected_medium_wp.root
/usatlas/u/yuhanguo/usatlasdata/pythia_fullsim_full_sample/single_mu_effcy_pT_fit_mc_corrected.root	/usatlas/u/yuhanguo/usatlasdata/pythia_fullsim_full_sample/mc_trig_eff/singles_fits/single_mu_effcy_pT_fit_mc_pp24_full_corrected.root
/usatlas/u/yuhanguo/usatlasdata/pythia_fullsim_full_sample/single_mu_effcy_pT_fit_mc_corrected_sfclosure_medium_wp.root	/usatlas/u/yuhanguo/usatlasdata/pythia_fullsim_full_sample/mc_trig_eff/singles_fits/single_mu_effcy_pT_fit_mc_pp24_full_corrected_sfclosure_medium_wp.root
/usatlas/u/yuhanguo/usatlasdata/pythia_fullsim_full_sample/single_mu_effcy_pT_fit_mc_corrected_sfclosure.root	/usatlas/u/yuhanguo/usatlasdata/pythia_fullsim_full_sample/mc_trig_eff/singles_fits/single_mu_effcy_pT_fit_mc_pp24_full_corrected_sfclosure.root
/usatlas/u/yuhanguo/usatlasdata/pythia_fullsim_full_sample/single_mu_effcy_pT_fit_mc_medium_wp.root	/usatlas/u/yuhanguo/usatlasdata/pythia_fullsim_full_sample/mc_trig_eff/singles_fits/single_mu_effcy_pT_fit_mc_pp24_full_medium_wp.root
/usatlas/u/yuhanguo/usatlasdata/pythia_fullsim_full_sample/single_mu_effcy_pT_fit_mc.root	/usatlas/u/yuhanguo/usatlasdata/pythia_fullsim_full_sample/mc_trig_eff/singles_fits/single_mu_effcy_pT_fit_mc_pp24_full.root
/usatlas/u/yuhanguo/usatlasdata/pythia_fullsim_full_sample/dr_correction_plateaus_pp24_full_medium_wp_pt4bin.root	/usatlas/u/yuhanguo/usatlasdata/pythia_fullsim_full_sample/mc_trig_eff/dr_correction/dr_correction_plateaus_pp24_full_medium_wp_pt4bin.root
/usatlas/u/yuhanguo/usatlasdata/pythia_fullsim_full_sample/dr_correction_plateaus_pp24_full_medium_wp.root	/usatlas/u/yuhanguo/usatlasdata/pythia_fullsim_full_sample/mc_trig_eff/dr_correction/dr_correction_plateaus_pp24_full_medium_wp.root
/usatlas/u/yuhanguo/usatlasdata/pythia_fullsim_full_sample/dr_correction_plateaus_pp24_full_pt4bin.root	/usatlas/u/yuhanguo/usatlasdata/pythia_fullsim_full_sample/mc_trig_eff/dr_correction/dr_correction_plateaus_pp24_full_pt4bin.root
/usatlas/u/yuhanguo/usatlasdata/pythia_fullsim_full_sample/dr_correction_plateaus_pp24_full.root	/usatlas/u/yuhanguo/usatlasdata/pythia_fullsim_full_sample/mc_trig_eff/dr_correction/dr_correction_plateaus_pp24_full.root
/usatlas/u/yuhanguo/usatlasdata/pythia_fullsim_full_sample/dr_correction_fits_pp24_full_medium_wp_pt4bin_step3_expo_os_nocorr.root	/usatlas/u/yuhanguo/usatlasdata/pythia_fullsim_full_sample/mc_trig_eff/dr_correction/dr_correction_fits_pp24_full_medium_wp_pt4bin_step3_expo_os_nocorr.root
/usatlas/u/yuhanguo/usatlasdata/pythia_fullsim_full_sample/dr_correction_fits_pp24_full_medium_wp_pt4bin_step3_expo.root	/usatlas/u/yuhanguo/usatlasdata/pythia_fullsim_full_sample/mc_trig_eff/dr_correction/dr_correction_fits_pp24_full_medium_wp_pt4bin_step3_expo.root
/usatlas/u/yuhanguo/usatlasdata/pythia_fullsim_full_sample/dr_correction_fits_pp24_full_medium_wp_pt4bin_step3_interp.root	/usatlas/u/yuhanguo/usatlasdata/pythia_fullsim_full_sample/mc_trig_eff/dr_correction/dr_correction_fits_pp24_full_medium_wp_pt4bin_step3_interp.root
/usatlas/u/yuhanguo/usatlasdata/pythia_fullsim_full_sample/dr_correction_fits_pp24_full_medium_wp_pt4bin_step3_polyu_fixedRp_os_nocorr.root	/usatlas/u/yuhanguo/usatlasdata/pythia_fullsim_full_sample/mc_trig_eff/dr_correction/dr_correction_fits_pp24_full_medium_wp_pt4bin_step3_polyu_fixedRp_os_nocorr.root
/usatlas/u/yuhanguo/usatlasdata/pythia_fullsim_full_sample/dr_correction_fits_pp24_full_medium_wp_pt4bin_step3_polyu_fixedRp.root	/usatlas/u/yuhanguo/usatlasdata/pythia_fullsim_full_sample/mc_trig_eff/dr_correction/dr_correction_fits_pp24_full_medium_wp_pt4bin_step3_polyu_fixedRp.root
/usatlas/u/yuhanguo/usatlasdata/pythia_fullsim_full_sample/dr_correction_fits_pp24_full_medium_wp_pt4bin_step4_expo.root	/usatlas/u/yuhanguo/usatlasdata/pythia_fullsim_full_sample/mc_trig_eff/dr_correction/dr_correction_fits_pp24_full_medium_wp_pt4bin_step4_expo.root
/usatlas/u/yuhanguo/usatlasdata/pythia_fullsim_full_sample/dr_correction_fits_pp24_full_medium_wp_pt4bin_step4_interp.root	/usatlas/u/yuhanguo/usatlasdata/pythia_fullsim_full_sample/mc_trig_eff/dr_correction/dr_correction_fits_pp24_full_medium_wp_pt4bin_step4_interp.root
/usatlas/u/yuhanguo/usatlasdata/pythia_fullsim_full_sample/dr_correction_fits_pp24_full_medium_wp_pt4bin_step4_polyu_fixedRp.root	/usatlas/u/yuhanguo/usatlasdata/pythia_fullsim_full_sample/mc_trig_eff/dr_correction/dr_correction_fits_pp24_full_medium_wp_pt4bin_step4_polyu_fixedRp.root
/usatlas/u/yuhanguo/usatlasdata/pythia_fullsim_full_sample/dr_correction_fits_pp24_full_medium_wp_step3_expo_nocorr_etamerge_ptmerge.root	/usatlas/u/yuhanguo/usatlasdata/pythia_fullsim_full_sample/mc_trig_eff/dr_correction/dr_correction_fits_pp24_full_medium_wp_step3_expo_nocorr_etamerge_ptmerge.root
/usatlas/u/yuhanguo/usatlasdata/pythia_fullsim_full_sample/dr_correction_fits_pp24_full_medium_wp_step3_expo_nocorr_etamerge.root	/usatlas/u/yuhanguo/usatlasdata/pythia_fullsim_full_sample/mc_trig_eff/dr_correction/dr_correction_fits_pp24_full_medium_wp_step3_expo_nocorr_etamerge.root
/usatlas/u/yuhanguo/usatlasdata/pythia_fullsim_full_sample/dr_correction_fits_pp24_full_medium_wp_step3_expo_nocorr_ptmerge.root	/usatlas/u/yuhanguo/usatlasdata/pythia_fullsim_full_sample/mc_trig_eff/dr_correction/dr_correction_fits_pp24_full_medium_wp_step3_expo_nocorr_ptmerge.root
/usatlas/u/yuhanguo/usatlasdata/pythia_fullsim_full_sample/dr_correction_fits_pp24_full_medium_wp_step3_expo_nocorr.root	/usatlas/u/yuhanguo/usatlasdata/pythia_fullsim_full_sample/mc_trig_eff/dr_correction/dr_correction_fits_pp24_full_medium_wp_step3_expo_nocorr.root
/usatlas/u/yuhanguo/usatlasdata/pythia_fullsim_full_sample/dr_correction_fits_pp24_full_medium_wp_step3_expo_os_nocorr_etamerge_ptmerge.root	/usatlas/u/yuhanguo/usatlasdata/pythia_fullsim_full_sample/mc_trig_eff/dr_correction/dr_correction_fits_pp24_full_medium_wp_step3_expo_os_nocorr_etamerge_ptmerge.root
/usatlas/u/yuhanguo/usatlasdata/pythia_fullsim_full_sample/dr_correction_fits_pp24_full_medium_wp_step3_expo_os_nocorr_etamerge.root	/usatlas/u/yuhanguo/usatlasdata/pythia_fullsim_full_sample/mc_trig_eff/dr_correction/dr_correction_fits_pp24_full_medium_wp_step3_expo_os_nocorr_etamerge.root
/usatlas/u/yuhanguo/usatlasdata/pythia_fullsim_full_sample/dr_correction_fits_pp24_full_medium_wp_step3_expo_os_nocorr_ptmerge.root	/usatlas/u/yuhanguo/usatlasdata/pythia_fullsim_full_sample/mc_trig_eff/dr_correction/dr_correction_fits_pp24_full_medium_wp_step3_expo_os_nocorr_ptmerge.root
/usatlas/u/yuhanguo/usatlasdata/pythia_fullsim_full_sample/dr_correction_fits_pp24_full_medium_wp_step3_expo_os_nocorr.root	/usatlas/u/yuhanguo/usatlasdata/pythia_fullsim_full_sample/mc_trig_eff/dr_correction/dr_correction_fits_pp24_full_medium_wp_step3_expo_os_nocorr.root
/usatlas/u/yuhanguo/usatlasdata/pythia_fullsim_full_sample/dr_correction_fits_pp24_full_medium_wp_step3_expo_os.root	/usatlas/u/yuhanguo/usatlasdata/pythia_fullsim_full_sample/mc_trig_eff/dr_correction/dr_correction_fits_pp24_full_medium_wp_step3_expo_os.root
/usatlas/u/yuhanguo/usatlasdata/pythia_fullsim_full_sample/dr_correction_fits_pp24_full_medium_wp_step3_expo.root	/usatlas/u/yuhanguo/usatlasdata/pythia_fullsim_full_sample/mc_trig_eff/dr_correction/dr_correction_fits_pp24_full_medium_wp_step3_expo.root
/usatlas/u/yuhanguo/usatlasdata/pythia_fullsim_full_sample/dr_correction_fits_pp24_full_medium_wp_step3_expo_ss_nocorr_etamerge_ptmerge.root	/usatlas/u/yuhanguo/usatlasdata/pythia_fullsim_full_sample/mc_trig_eff/dr_correction/dr_correction_fits_pp24_full_medium_wp_step3_expo_ss_nocorr_etamerge_ptmerge.root
/usatlas/u/yuhanguo/usatlasdata/pythia_fullsim_full_sample/dr_correction_fits_pp24_full_medium_wp_step3_expo_ss_nocorr_etamerge.root	/usatlas/u/yuhanguo/usatlasdata/pythia_fullsim_full_sample/mc_trig_eff/dr_correction/dr_correction_fits_pp24_full_medium_wp_step3_expo_ss_nocorr_etamerge.root
/usatlas/u/yuhanguo/usatlasdata/pythia_fullsim_full_sample/dr_correction_fits_pp24_full_medium_wp_step3_expo_ss_nocorr_ptmerge.root	/usatlas/u/yuhanguo/usatlasdata/pythia_fullsim_full_sample/mc_trig_eff/dr_correction/dr_correction_fits_pp24_full_medium_wp_step3_expo_ss_nocorr_ptmerge.root
/usatlas/u/yuhanguo/usatlasdata/pythia_fullsim_full_sample/dr_correction_fits_pp24_full_medium_wp_step3_expo_ss_nocorr.root	/usatlas/u/yuhanguo/usatlasdata/pythia_fullsim_full_sample/mc_trig_eff/dr_correction/dr_correction_fits_pp24_full_medium_wp_step3_expo_ss_nocorr.root
/usatlas/u/yuhanguo/usatlasdata/pythia_fullsim_full_sample/dr_correction_fits_pp24_full_medium_wp_step3_expo_ss.root	/usatlas/u/yuhanguo/usatlasdata/pythia_fullsim_full_sample/mc_trig_eff/dr_correction/dr_correction_fits_pp24_full_medium_wp_step3_expo_ss.root
/usatlas/u/yuhanguo/usatlasdata/pythia_fullsim_full_sample/dr_correction_fits_pp24_full_medium_wp_step3_interp_nocorr_etamerge_ptmerge.root	/usatlas/u/yuhanguo/usatlasdata/pythia_fullsim_full_sample/mc_trig_eff/dr_correction/dr_correction_fits_pp24_full_medium_wp_step3_interp_nocorr_etamerge_ptmerge.root
/usatlas/u/yuhanguo/usatlasdata/pythia_fullsim_full_sample/dr_correction_fits_pp24_full_medium_wp_step3_interp_nocorr_etamerge.root	/usatlas/u/yuhanguo/usatlasdata/pythia_fullsim_full_sample/mc_trig_eff/dr_correction/dr_correction_fits_pp24_full_medium_wp_step3_interp_nocorr_etamerge.root
/usatlas/u/yuhanguo/usatlasdata/pythia_fullsim_full_sample/dr_correction_fits_pp24_full_medium_wp_step3_interp_nocorr_ptmerge.root	/usatlas/u/yuhanguo/usatlasdata/pythia_fullsim_full_sample/mc_trig_eff/dr_correction/dr_correction_fits_pp24_full_medium_wp_step3_interp_nocorr_ptmerge.root
/usatlas/u/yuhanguo/usatlasdata/pythia_fullsim_full_sample/dr_correction_fits_pp24_full_medium_wp_step3_interp_nocorr.root	/usatlas/u/yuhanguo/usatlasdata/pythia_fullsim_full_sample/mc_trig_eff/dr_correction/dr_correction_fits_pp24_full_medium_wp_step3_interp_nocorr.root
/usatlas/u/yuhanguo/usatlasdata/pythia_fullsim_full_sample/dr_correction_fits_pp24_full_medium_wp_step3_interp_os_nocorr_etamerge_ptmerge.root	/usatlas/u/yuhanguo/usatlasdata/pythia_fullsim_full_sample/mc_trig_eff/dr_correction/dr_correction_fits_pp24_full_medium_wp_step3_interp_os_nocorr_etamerge_ptmerge.root
/usatlas/u/yuhanguo/usatlasdata/pythia_fullsim_full_sample/dr_correction_fits_pp24_full_medium_wp_step3_interp_os_nocorr_etamerge.root	/usatlas/u/yuhanguo/usatlasdata/pythia_fullsim_full_sample/mc_trig_eff/dr_correction/dr_correction_fits_pp24_full_medium_wp_step3_interp_os_nocorr_etamerge.root
/usatlas/u/yuhanguo/usatlasdata/pythia_fullsim_full_sample/dr_correction_fits_pp24_full_medium_wp_step3_interp_os_nocorr_ptmerge.root	/usatlas/u/yuhanguo/usatlasdata/pythia_fullsim_full_sample/mc_trig_eff/dr_correction/dr_correction_fits_pp24_full_medium_wp_step3_interp_os_nocorr_ptmerge.root
/usatlas/u/yuhanguo/usatlasdata/pythia_fullsim_full_sample/dr_correction_fits_pp24_full_medium_wp_step3_interp_os_nocorr.root	/usatlas/u/yuhanguo/usatlasdata/pythia_fullsim_full_sample/mc_trig_eff/dr_correction/dr_correction_fits_pp24_full_medium_wp_step3_interp_os_nocorr.root
/usatlas/u/yuhanguo/usatlasdata/pythia_fullsim_full_sample/dr_correction_fits_pp24_full_medium_wp_step3_interp_os.root	/usatlas/u/yuhanguo/usatlasdata/pythia_fullsim_full_sample/mc_trig_eff/dr_correction/dr_correction_fits_pp24_full_medium_wp_step3_interp_os.root
/usatlas/u/yuhanguo/usatlasdata/pythia_fullsim_full_sample/dr_correction_fits_pp24_full_medium_wp_step3_interp.root	/usatlas/u/yuhanguo/usatlasdata/pythia_fullsim_full_sample/mc_trig_eff/dr_correction/dr_correction_fits_pp24_full_medium_wp_step3_interp.root
/usatlas/u/yuhanguo/usatlasdata/pythia_fullsim_full_sample/dr_correction_fits_pp24_full_medium_wp_step3_interp_ss_nocorr_etamerge_ptmerge.root	/usatlas/u/yuhanguo/usatlasdata/pythia_fullsim_full_sample/mc_trig_eff/dr_correction/dr_correction_fits_pp24_full_medium_wp_step3_interp_ss_nocorr_etamerge_ptmerge.root
/usatlas/u/yuhanguo/usatlasdata/pythia_fullsim_full_sample/dr_correction_fits_pp24_full_medium_wp_step3_interp_ss_nocorr_etamerge.root	/usatlas/u/yuhanguo/usatlasdata/pythia_fullsim_full_sample/mc_trig_eff/dr_correction/dr_correction_fits_pp24_full_medium_wp_step3_interp_ss_nocorr_etamerge.root
/usatlas/u/yuhanguo/usatlasdata/pythia_fullsim_full_sample/dr_correction_fits_pp24_full_medium_wp_step3_interp_ss_nocorr_ptmerge.root	/usatlas/u/yuhanguo/usatlasdata/pythia_fullsim_full_sample/mc_trig_eff/dr_correction/dr_correction_fits_pp24_full_medium_wp_step3_interp_ss_nocorr_ptmerge.root
/usatlas/u/yuhanguo/usatlasdata/pythia_fullsim_full_sample/dr_correction_fits_pp24_full_medium_wp_step3_interp_ss_nocorr.root	/usatlas/u/yuhanguo/usatlasdata/pythia_fullsim_full_sample/mc_trig_eff/dr_correction/dr_correction_fits_pp24_full_medium_wp_step3_interp_ss_nocorr.root
/usatlas/u/yuhanguo/usatlasdata/pythia_fullsim_full_sample/dr_correction_fits_pp24_full_medium_wp_step3_interp_ss.root	/usatlas/u/yuhanguo/usatlasdata/pythia_fullsim_full_sample/mc_trig_eff/dr_correction/dr_correction_fits_pp24_full_medium_wp_step3_interp_ss.root
/usatlas/u/yuhanguo/usatlasdata/pythia_fullsim_full_sample/dr_correction_fits_pp24_full_medium_wp_step3_polyu_fixedRp_nocorr_etamerge_ptmerge.root	/usatlas/u/yuhanguo/usatlasdata/pythia_fullsim_full_sample/mc_trig_eff/dr_correction/dr_correction_fits_pp24_full_medium_wp_step3_polyu_fixedRp_nocorr_etamerge_ptmerge.root
/usatlas/u/yuhanguo/usatlasdata/pythia_fullsim_full_sample/dr_correction_fits_pp24_full_medium_wp_step3_polyu_fixedRp_nocorr_etamerge.root	/usatlas/u/yuhanguo/usatlasdata/pythia_fullsim_full_sample/mc_trig_eff/dr_correction/dr_correction_fits_pp24_full_medium_wp_step3_polyu_fixedRp_nocorr_etamerge.root
/usatlas/u/yuhanguo/usatlasdata/pythia_fullsim_full_sample/dr_correction_fits_pp24_full_medium_wp_step3_polyu_fixedRp_nocorr_ptmerge.root	/usatlas/u/yuhanguo/usatlasdata/pythia_fullsim_full_sample/mc_trig_eff/dr_correction/dr_correction_fits_pp24_full_medium_wp_step3_polyu_fixedRp_nocorr_ptmerge.root
/usatlas/u/yuhanguo/usatlasdata/pythia_fullsim_full_sample/dr_correction_fits_pp24_full_medium_wp_step3_polyu_fixedRp_nocorr.root	/usatlas/u/yuhanguo/usatlasdata/pythia_fullsim_full_sample/mc_trig_eff/dr_correction/dr_correction_fits_pp24_full_medium_wp_step3_polyu_fixedRp_nocorr.root
/usatlas/u/yuhanguo/usatlasdata/pythia_fullsim_full_sample/dr_correction_fits_pp24_full_medium_wp_step3_polyu_fixedRp_os_nocorr_etamerge_ptmerge.root	/usatlas/u/yuhanguo/usatlasdata/pythia_fullsim_full_sample/mc_trig_eff/dr_correction/dr_correction_fits_pp24_full_medium_wp_step3_polyu_fixedRp_os_nocorr_etamerge_ptmerge.root
/usatlas/u/yuhanguo/usatlasdata/pythia_fullsim_full_sample/dr_correction_fits_pp24_full_medium_wp_step3_polyu_fixedRp_os_nocorr_etamerge.root	/usatlas/u/yuhanguo/usatlasdata/pythia_fullsim_full_sample/mc_trig_eff/dr_correction/dr_correction_fits_pp24_full_medium_wp_step3_polyu_fixedRp_os_nocorr_etamerge.root
/usatlas/u/yuhanguo/usatlasdata/pythia_fullsim_full_sample/dr_correction_fits_pp24_full_medium_wp_step3_polyu_fixedRp_os_nocorr_ptmerge.root	/usatlas/u/yuhanguo/usatlasdata/pythia_fullsim_full_sample/mc_trig_eff/dr_correction/dr_correction_fits_pp24_full_medium_wp_step3_polyu_fixedRp_os_nocorr_ptmerge.root
/usatlas/u/yuhanguo/usatlasdata/pythia_fullsim_full_sample/dr_correction_fits_pp24_full_medium_wp_step3_polyu_fixedRp_os_nocorr.root	/usatlas/u/yuhanguo/usatlasdata/pythia_fullsim_full_sample/mc_trig_eff/dr_correction/dr_correction_fits_pp24_full_medium_wp_step3_polyu_fixedRp_os_nocorr.root
/usatlas/u/yuhanguo/usatlasdata/pythia_fullsim_full_sample/dr_correction_fits_pp24_full_medium_wp_step3_polyu_fixedRp_os.root	/usatlas/u/yuhanguo/usatlasdata/pythia_fullsim_full_sample/mc_trig_eff/dr_correction/dr_correction_fits_pp24_full_medium_wp_step3_polyu_fixedRp_os.root
/usatlas/u/yuhanguo/usatlasdata/pythia_fullsim_full_sample/dr_correction_fits_pp24_full_medium_wp_step3_polyu_fixedRp.root	/usatlas/u/yuhanguo/usatlasdata/pythia_fullsim_full_sample/mc_trig_eff/dr_correction/dr_correction_fits_pp24_full_medium_wp_step3_polyu_fixedRp.root
/usatlas/u/yuhanguo/usatlasdata/pythia_fullsim_full_sample/dr_correction_fits_pp24_full_medium_wp_step3_polyu_fixedRp_ss_nocorr_etamerge_ptmerge.root	/usatlas/u/yuhanguo/usatlasdata/pythia_fullsim_full_sample/mc_trig_eff/dr_correction/dr_correction_fits_pp24_full_medium_wp_step3_polyu_fixedRp_ss_nocorr_etamerge_ptmerge.root
/usatlas/u/yuhanguo/usatlasdata/pythia_fullsim_full_sample/dr_correction_fits_pp24_full_medium_wp_step3_polyu_fixedRp_ss_nocorr_etamerge.root	/usatlas/u/yuhanguo/usatlasdata/pythia_fullsim_full_sample/mc_trig_eff/dr_correction/dr_correction_fits_pp24_full_medium_wp_step3_polyu_fixedRp_ss_nocorr_etamerge.root
/usatlas/u/yuhanguo/usatlasdata/pythia_fullsim_full_sample/dr_correction_fits_pp24_full_medium_wp_step3_polyu_fixedRp_ss_nocorr_ptmerge.root	/usatlas/u/yuhanguo/usatlasdata/pythia_fullsim_full_sample/mc_trig_eff/dr_correction/dr_correction_fits_pp24_full_medium_wp_step3_polyu_fixedRp_ss_nocorr_ptmerge.root
/usatlas/u/yuhanguo/usatlasdata/pythia_fullsim_full_sample/dr_correction_fits_pp24_full_medium_wp_step3_polyu_fixedRp_ss_nocorr.root	/usatlas/u/yuhanguo/usatlasdata/pythia_fullsim_full_sample/mc_trig_eff/dr_correction/dr_correction_fits_pp24_full_medium_wp_step3_polyu_fixedRp_ss_nocorr.root
/usatlas/u/yuhanguo/usatlasdata/pythia_fullsim_full_sample/dr_correction_fits_pp24_full_medium_wp_step3_polyu_fixedRp_ss.root	/usatlas/u/yuhanguo/usatlasdata/pythia_fullsim_full_sample/mc_trig_eff/dr_correction/dr_correction_fits_pp24_full_medium_wp_step3_polyu_fixedRp_ss.root
/usatlas/u/yuhanguo/usatlasdata/pythia_fullsim_full_sample/dr_correction_fits_pp24_full_medium_wp_step4_expo_os.root	/usatlas/u/yuhanguo/usatlasdata/pythia_fullsim_full_sample/mc_trig_eff/dr_correction/dr_correction_fits_pp24_full_medium_wp_step4_expo_os.root
/usatlas/u/yuhanguo/usatlasdata/pythia_fullsim_full_sample/dr_correction_fits_pp24_full_medium_wp_step4_expo.root	/usatlas/u/yuhanguo/usatlasdata/pythia_fullsim_full_sample/mc_trig_eff/dr_correction/dr_correction_fits_pp24_full_medium_wp_step4_expo.root
/usatlas/u/yuhanguo/usatlasdata/pythia_fullsim_full_sample/dr_correction_fits_pp24_full_medium_wp_step4_expo_ss.root	/usatlas/u/yuhanguo/usatlasdata/pythia_fullsim_full_sample/mc_trig_eff/dr_correction/dr_correction_fits_pp24_full_medium_wp_step4_expo_ss.root
/usatlas/u/yuhanguo/usatlasdata/pythia_fullsim_full_sample/dr_correction_fits_pp24_full_medium_wp_step4_interp_os.root	/usatlas/u/yuhanguo/usatlasdata/pythia_fullsim_full_sample/mc_trig_eff/dr_correction/dr_correction_fits_pp24_full_medium_wp_step4_interp_os.root
/usatlas/u/yuhanguo/usatlasdata/pythia_fullsim_full_sample/dr_correction_fits_pp24_full_medium_wp_step4_interp.root	/usatlas/u/yuhanguo/usatlasdata/pythia_fullsim_full_sample/mc_trig_eff/dr_correction/dr_correction_fits_pp24_full_medium_wp_step4_interp.root
/usatlas/u/yuhanguo/usatlasdata/pythia_fullsim_full_sample/dr_correction_fits_pp24_full_medium_wp_step4_interp_ss.root	/usatlas/u/yuhanguo/usatlasdata/pythia_fullsim_full_sample/mc_trig_eff/dr_correction/dr_correction_fits_pp24_full_medium_wp_step4_interp_ss.root
/usatlas/u/yuhanguo/usatlasdata/pythia_fullsim_full_sample/dr_correction_fits_pp24_full_medium_wp_step4_polyu_fixedRp_os.root	/usatlas/u/yuhanguo/usatlasdata/pythia_fullsim_full_sample/mc_trig_eff/dr_correction/dr_correction_fits_pp24_full_medium_wp_step4_polyu_fixedRp_os.root
/usatlas/u/yuhanguo/usatlasdata/pythia_fullsim_full_sample/dr_correction_fits_pp24_full_medium_wp_step4_polyu_fixedRp.root	/usatlas/u/yuhanguo/usatlasdata/pythia_fullsim_full_sample/mc_trig_eff/dr_correction/dr_correction_fits_pp24_full_medium_wp_step4_polyu_fixedRp.root
/usatlas/u/yuhanguo/usatlasdata/pythia_fullsim_full_sample/dr_correction_fits_pp24_full_medium_wp_step4_polyu_fixedRp_ss.root	/usatlas/u/yuhanguo/usatlasdata/pythia_fullsim_full_sample/mc_trig_eff/dr_correction/dr_correction_fits_pp24_full_medium_wp_step4_polyu_fixedRp_ss.root
/usatlas/u/yuhanguo/usatlasdata/pythia_fullsim_full_sample/dr_correction_fits_pp24_full_pt4bin_step3_expo_os_nocorr.root	/usatlas/u/yuhanguo/usatlasdata/pythia_fullsim_full_sample/mc_trig_eff/dr_correction/dr_correction_fits_pp24_full_pt4bin_step3_expo_os_nocorr.root
/usatlas/u/yuhanguo/usatlasdata/pythia_fullsim_full_sample/dr_correction_fits_pp24_full_pt4bin_step3_expo.root	/usatlas/u/yuhanguo/usatlasdata/pythia_fullsim_full_sample/mc_trig_eff/dr_correction/dr_correction_fits_pp24_full_pt4bin_step3_expo.root
/usatlas/u/yuhanguo/usatlasdata/pythia_fullsim_full_sample/dr_correction_fits_pp24_full_pt4bin_step3_interp.root	/usatlas/u/yuhanguo/usatlasdata/pythia_fullsim_full_sample/mc_trig_eff/dr_correction/dr_correction_fits_pp24_full_pt4bin_step3_interp.root
/usatlas/u/yuhanguo/usatlasdata/pythia_fullsim_full_sample/dr_correction_fits_pp24_full_pt4bin_step3_polyu_fixedRp_os_nocorr.root	/usatlas/u/yuhanguo/usatlasdata/pythia_fullsim_full_sample/mc_trig_eff/dr_correction/dr_correction_fits_pp24_full_pt4bin_step3_polyu_fixedRp_os_nocorr.root
/usatlas/u/yuhanguo/usatlasdata/pythia_fullsim_full_sample/dr_correction_fits_pp24_full_pt4bin_step3_polyu_fixedRp.root	/usatlas/u/yuhanguo/usatlasdata/pythia_fullsim_full_sample/mc_trig_eff/dr_correction/dr_correction_fits_pp24_full_pt4bin_step3_polyu_fixedRp.root
/usatlas/u/yuhanguo/usatlasdata/pythia_fullsim_full_sample/dr_correction_fits_pp24_full_pt4bin_step4_expo.root	/usatlas/u/yuhanguo/usatlasdata/pythia_fullsim_full_sample/mc_trig_eff/dr_correction/dr_correction_fits_pp24_full_pt4bin_step4_expo.root
/usatlas/u/yuhanguo/usatlasdata/pythia_fullsim_full_sample/dr_correction_fits_pp24_full_pt4bin_step4_interp.root	/usatlas/u/yuhanguo/usatlasdata/pythia_fullsim_full_sample/mc_trig_eff/dr_correction/dr_correction_fits_pp24_full_pt4bin_step4_interp.root
/usatlas/u/yuhanguo/usatlasdata/pythia_fullsim_full_sample/dr_correction_fits_pp24_full_pt4bin_step4_polyu_fixedRp.root	/usatlas/u/yuhanguo/usatlasdata/pythia_fullsim_full_sample/mc_trig_eff/dr_correction/dr_correction_fits_pp24_full_pt4bin_step4_polyu_fixedRp.root
/usatlas/u/yuhanguo/usatlasdata/pythia_fullsim_full_sample/dr_correction_fits_pp24_full_step3_expo_nocorr_etamerge_ptmerge.root	/usatlas/u/yuhanguo/usatlasdata/pythia_fullsim_full_sample/mc_trig_eff/dr_correction/dr_correction_fits_pp24_full_step3_expo_nocorr_etamerge_ptmerge.root
/usatlas/u/yuhanguo/usatlasdata/pythia_fullsim_full_sample/dr_correction_fits_pp24_full_step3_expo_nocorr_etamerge.root	/usatlas/u/yuhanguo/usatlasdata/pythia_fullsim_full_sample/mc_trig_eff/dr_correction/dr_correction_fits_pp24_full_step3_expo_nocorr_etamerge.root
/usatlas/u/yuhanguo/usatlasdata/pythia_fullsim_full_sample/dr_correction_fits_pp24_full_step3_expo_nocorr_ptmerge.root	/usatlas/u/yuhanguo/usatlasdata/pythia_fullsim_full_sample/mc_trig_eff/dr_correction/dr_correction_fits_pp24_full_step3_expo_nocorr_ptmerge.root
/usatlas/u/yuhanguo/usatlasdata/pythia_fullsim_full_sample/dr_correction_fits_pp24_full_step3_expo_nocorr.root	/usatlas/u/yuhanguo/usatlasdata/pythia_fullsim_full_sample/mc_trig_eff/dr_correction/dr_correction_fits_pp24_full_step3_expo_nocorr.root
/usatlas/u/yuhanguo/usatlasdata/pythia_fullsim_full_sample/dr_correction_fits_pp24_full_step3_expo_os_nocorr_etamerge_ptmerge.root	/usatlas/u/yuhanguo/usatlasdata/pythia_fullsim_full_sample/mc_trig_eff/dr_correction/dr_correction_fits_pp24_full_step3_expo_os_nocorr_etamerge_ptmerge.root
/usatlas/u/yuhanguo/usatlasdata/pythia_fullsim_full_sample/dr_correction_fits_pp24_full_step3_expo_os_nocorr_etamerge.root	/usatlas/u/yuhanguo/usatlasdata/pythia_fullsim_full_sample/mc_trig_eff/dr_correction/dr_correction_fits_pp24_full_step3_expo_os_nocorr_etamerge.root
/usatlas/u/yuhanguo/usatlasdata/pythia_fullsim_full_sample/dr_correction_fits_pp24_full_step3_expo_os_nocorr_ptmerge.root	/usatlas/u/yuhanguo/usatlasdata/pythia_fullsim_full_sample/mc_trig_eff/dr_correction/dr_correction_fits_pp24_full_step3_expo_os_nocorr_ptmerge.root
/usatlas/u/yuhanguo/usatlasdata/pythia_fullsim_full_sample/dr_correction_fits_pp24_full_step3_expo_os_nocorr.root	/usatlas/u/yuhanguo/usatlasdata/pythia_fullsim_full_sample/mc_trig_eff/dr_correction/dr_correction_fits_pp24_full_step3_expo_os_nocorr.root
/usatlas/u/yuhanguo/usatlasdata/pythia_fullsim_full_sample/dr_correction_fits_pp24_full_step3_expo_os.root	/usatlas/u/yuhanguo/usatlasdata/pythia_fullsim_full_sample/mc_trig_eff/dr_correction/dr_correction_fits_pp24_full_step3_expo_os.root
/usatlas/u/yuhanguo/usatlasdata/pythia_fullsim_full_sample/dr_correction_fits_pp24_full_step3_expo.root	/usatlas/u/yuhanguo/usatlasdata/pythia_fullsim_full_sample/mc_trig_eff/dr_correction/dr_correction_fits_pp24_full_step3_expo.root
/usatlas/u/yuhanguo/usatlasdata/pythia_fullsim_full_sample/dr_correction_fits_pp24_full_step3_expo_ss_nocorr_etamerge_ptmerge.root	/usatlas/u/yuhanguo/usatlasdata/pythia_fullsim_full_sample/mc_trig_eff/dr_correction/dr_correction_fits_pp24_full_step3_expo_ss_nocorr_etamerge_ptmerge.root
/usatlas/u/yuhanguo/usatlasdata/pythia_fullsim_full_sample/dr_correction_fits_pp24_full_step3_expo_ss_nocorr_etamerge.root	/usatlas/u/yuhanguo/usatlasdata/pythia_fullsim_full_sample/mc_trig_eff/dr_correction/dr_correction_fits_pp24_full_step3_expo_ss_nocorr_etamerge.root
/usatlas/u/yuhanguo/usatlasdata/pythia_fullsim_full_sample/dr_correction_fits_pp24_full_step3_expo_ss_nocorr_ptmerge.root	/usatlas/u/yuhanguo/usatlasdata/pythia_fullsim_full_sample/mc_trig_eff/dr_correction/dr_correction_fits_pp24_full_step3_expo_ss_nocorr_ptmerge.root
/usatlas/u/yuhanguo/usatlasdata/pythia_fullsim_full_sample/dr_correction_fits_pp24_full_step3_expo_ss_nocorr.root	/usatlas/u/yuhanguo/usatlasdata/pythia_fullsim_full_sample/mc_trig_eff/dr_correction/dr_correction_fits_pp24_full_step3_expo_ss_nocorr.root
/usatlas/u/yuhanguo/usatlasdata/pythia_fullsim_full_sample/dr_correction_fits_pp24_full_step3_expo_ss.root	/usatlas/u/yuhanguo/usatlasdata/pythia_fullsim_full_sample/mc_trig_eff/dr_correction/dr_correction_fits_pp24_full_step3_expo_ss.root
/usatlas/u/yuhanguo/usatlasdata/pythia_fullsim_full_sample/dr_correction_fits_pp24_full_step3_interp_nocorr_etamerge_ptmerge.root	/usatlas/u/yuhanguo/usatlasdata/pythia_fullsim_full_sample/mc_trig_eff/dr_correction/dr_correction_fits_pp24_full_step3_interp_nocorr_etamerge_ptmerge.root
/usatlas/u/yuhanguo/usatlasdata/pythia_fullsim_full_sample/dr_correction_fits_pp24_full_step3_interp_nocorr_etamerge.root	/usatlas/u/yuhanguo/usatlasdata/pythia_fullsim_full_sample/mc_trig_eff/dr_correction/dr_correction_fits_pp24_full_step3_interp_nocorr_etamerge.root
/usatlas/u/yuhanguo/usatlasdata/pythia_fullsim_full_sample/dr_correction_fits_pp24_full_step3_interp_nocorr_ptmerge.root	/usatlas/u/yuhanguo/usatlasdata/pythia_fullsim_full_sample/mc_trig_eff/dr_correction/dr_correction_fits_pp24_full_step3_interp_nocorr_ptmerge.root
/usatlas/u/yuhanguo/usatlasdata/pythia_fullsim_full_sample/dr_correction_fits_pp24_full_step3_interp_nocorr.root	/usatlas/u/yuhanguo/usatlasdata/pythia_fullsim_full_sample/mc_trig_eff/dr_correction/dr_correction_fits_pp24_full_step3_interp_nocorr.root
/usatlas/u/yuhanguo/usatlasdata/pythia_fullsim_full_sample/dr_correction_fits_pp24_full_step3_interp_os_nocorr_etamerge_ptmerge.root	/usatlas/u/yuhanguo/usatlasdata/pythia_fullsim_full_sample/mc_trig_eff/dr_correction/dr_correction_fits_pp24_full_step3_interp_os_nocorr_etamerge_ptmerge.root
/usatlas/u/yuhanguo/usatlasdata/pythia_fullsim_full_sample/dr_correction_fits_pp24_full_step3_interp_os_nocorr_etamerge.root	/usatlas/u/yuhanguo/usatlasdata/pythia_fullsim_full_sample/mc_trig_eff/dr_correction/dr_correction_fits_pp24_full_step3_interp_os_nocorr_etamerge.root
/usatlas/u/yuhanguo/usatlasdata/pythia_fullsim_full_sample/dr_correction_fits_pp24_full_step3_interp_os_nocorr_ptmerge.root	/usatlas/u/yuhanguo/usatlasdata/pythia_fullsim_full_sample/mc_trig_eff/dr_correction/dr_correction_fits_pp24_full_step3_interp_os_nocorr_ptmerge.root
/usatlas/u/yuhanguo/usatlasdata/pythia_fullsim_full_sample/dr_correction_fits_pp24_full_step3_interp_os_nocorr.root	/usatlas/u/yuhanguo/usatlasdata/pythia_fullsim_full_sample/mc_trig_eff/dr_correction/dr_correction_fits_pp24_full_step3_interp_os_nocorr.root
/usatlas/u/yuhanguo/usatlasdata/pythia_fullsim_full_sample/dr_correction_fits_pp24_full_step3_interp_os.root	/usatlas/u/yuhanguo/usatlasdata/pythia_fullsim_full_sample/mc_trig_eff/dr_correction/dr_correction_fits_pp24_full_step3_interp_os.root
/usatlas/u/yuhanguo/usatlasdata/pythia_fullsim_full_sample/dr_correction_fits_pp24_full_step3_interp.root	/usatlas/u/yuhanguo/usatlasdata/pythia_fullsim_full_sample/mc_trig_eff/dr_correction/dr_correction_fits_pp24_full_step3_interp.root
/usatlas/u/yuhanguo/usatlasdata/pythia_fullsim_full_sample/dr_correction_fits_pp24_full_step3_interp_ss_nocorr_etamerge_ptmerge.root	/usatlas/u/yuhanguo/usatlasdata/pythia_fullsim_full_sample/mc_trig_eff/dr_correction/dr_correction_fits_pp24_full_step3_interp_ss_nocorr_etamerge_ptmerge.root
/usatlas/u/yuhanguo/usatlasdata/pythia_fullsim_full_sample/dr_correction_fits_pp24_full_step3_interp_ss_nocorr_etamerge.root	/usatlas/u/yuhanguo/usatlasdata/pythia_fullsim_full_sample/mc_trig_eff/dr_correction/dr_correction_fits_pp24_full_step3_interp_ss_nocorr_etamerge.root
/usatlas/u/yuhanguo/usatlasdata/pythia_fullsim_full_sample/dr_correction_fits_pp24_full_step3_interp_ss_nocorr_ptmerge.root	/usatlas/u/yuhanguo/usatlasdata/pythia_fullsim_full_sample/mc_trig_eff/dr_correction/dr_correction_fits_pp24_full_step3_interp_ss_nocorr_ptmerge.root
/usatlas/u/yuhanguo/usatlasdata/pythia_fullsim_full_sample/dr_correction_fits_pp24_full_step3_interp_ss_nocorr.root	/usatlas/u/yuhanguo/usatlasdata/pythia_fullsim_full_sample/mc_trig_eff/dr_correction/dr_correction_fits_pp24_full_step3_interp_ss_nocorr.root
/usatlas/u/yuhanguo/usatlasdata/pythia_fullsim_full_sample/dr_correction_fits_pp24_full_step3_interp_ss.root	/usatlas/u/yuhanguo/usatlasdata/pythia_fullsim_full_sample/mc_trig_eff/dr_correction/dr_correction_fits_pp24_full_step3_interp_ss.root
/usatlas/u/yuhanguo/usatlasdata/pythia_fullsim_full_sample/dr_correction_fits_pp24_full_step3_polyu_fixedRp_nocorr_etamerge_ptmerge.root	/usatlas/u/yuhanguo/usatlasdata/pythia_fullsim_full_sample/mc_trig_eff/dr_correction/dr_correction_fits_pp24_full_step3_polyu_fixedRp_nocorr_etamerge_ptmerge.root
/usatlas/u/yuhanguo/usatlasdata/pythia_fullsim_full_sample/dr_correction_fits_pp24_full_step3_polyu_fixedRp_nocorr_etamerge.root	/usatlas/u/yuhanguo/usatlasdata/pythia_fullsim_full_sample/mc_trig_eff/dr_correction/dr_correction_fits_pp24_full_step3_polyu_fixedRp_nocorr_etamerge.root
/usatlas/u/yuhanguo/usatlasdata/pythia_fullsim_full_sample/dr_correction_fits_pp24_full_step3_polyu_fixedRp_nocorr_ptmerge.root	/usatlas/u/yuhanguo/usatlasdata/pythia_fullsim_full_sample/mc_trig_eff/dr_correction/dr_correction_fits_pp24_full_step3_polyu_fixedRp_nocorr_ptmerge.root
/usatlas/u/yuhanguo/usatlasdata/pythia_fullsim_full_sample/dr_correction_fits_pp24_full_step3_polyu_fixedRp_nocorr.root	/usatlas/u/yuhanguo/usatlasdata/pythia_fullsim_full_sample/mc_trig_eff/dr_correction/dr_correction_fits_pp24_full_step3_polyu_fixedRp_nocorr.root
/usatlas/u/yuhanguo/usatlasdata/pythia_fullsim_full_sample/dr_correction_fits_pp24_full_step3_polyu_fixedRp_os_nocorr_etamerge_ptmerge.root	/usatlas/u/yuhanguo/usatlasdata/pythia_fullsim_full_sample/mc_trig_eff/dr_correction/dr_correction_fits_pp24_full_step3_polyu_fixedRp_os_nocorr_etamerge_ptmerge.root
/usatlas/u/yuhanguo/usatlasdata/pythia_fullsim_full_sample/dr_correction_fits_pp24_full_step3_polyu_fixedRp_os_nocorr_etamerge.root	/usatlas/u/yuhanguo/usatlasdata/pythia_fullsim_full_sample/mc_trig_eff/dr_correction/dr_correction_fits_pp24_full_step3_polyu_fixedRp_os_nocorr_etamerge.root
/usatlas/u/yuhanguo/usatlasdata/pythia_fullsim_full_sample/dr_correction_fits_pp24_full_step3_polyu_fixedRp_os_nocorr_ptmerge.root	/usatlas/u/yuhanguo/usatlasdata/pythia_fullsim_full_sample/mc_trig_eff/dr_correction/dr_correction_fits_pp24_full_step3_polyu_fixedRp_os_nocorr_ptmerge.root
/usatlas/u/yuhanguo/usatlasdata/pythia_fullsim_full_sample/dr_correction_fits_pp24_full_step3_polyu_fixedRp_os_nocorr.root	/usatlas/u/yuhanguo/usatlasdata/pythia_fullsim_full_sample/mc_trig_eff/dr_correction/dr_correction_fits_pp24_full_step3_polyu_fixedRp_os_nocorr.root
/usatlas/u/yuhanguo/usatlasdata/pythia_fullsim_full_sample/dr_correction_fits_pp24_full_step3_polyu_fixedRp_os.root	/usatlas/u/yuhanguo/usatlasdata/pythia_fullsim_full_sample/mc_trig_eff/dr_correction/dr_correction_fits_pp24_full_step3_polyu_fixedRp_os.root
/usatlas/u/yuhanguo/usatlasdata/pythia_fullsim_full_sample/dr_correction_fits_pp24_full_step3_polyu_fixedRp.root	/usatlas/u/yuhanguo/usatlasdata/pythia_fullsim_full_sample/mc_trig_eff/dr_correction/dr_correction_fits_pp24_full_step3_polyu_fixedRp.root
/usatlas/u/yuhanguo/usatlasdata/pythia_fullsim_full_sample/dr_correction_fits_pp24_full_step3_polyu_fixedRp_ss_nocorr_etamerge_ptmerge.root	/usatlas/u/yuhanguo/usatlasdata/pythia_fullsim_full_sample/mc_trig_eff/dr_correction/dr_correction_fits_pp24_full_step3_polyu_fixedRp_ss_nocorr_etamerge_ptmerge.root
/usatlas/u/yuhanguo/usatlasdata/pythia_fullsim_full_sample/dr_correction_fits_pp24_full_step3_polyu_fixedRp_ss_nocorr_etamerge.root	/usatlas/u/yuhanguo/usatlasdata/pythia_fullsim_full_sample/mc_trig_eff/dr_correction/dr_correction_fits_pp24_full_step3_polyu_fixedRp_ss_nocorr_etamerge.root
/usatlas/u/yuhanguo/usatlasdata/pythia_fullsim_full_sample/dr_correction_fits_pp24_full_step3_polyu_fixedRp_ss_nocorr_ptmerge.root	/usatlas/u/yuhanguo/usatlasdata/pythia_fullsim_full_sample/mc_trig_eff/dr_correction/dr_correction_fits_pp24_full_step3_polyu_fixedRp_ss_nocorr_ptmerge.root
/usatlas/u/yuhanguo/usatlasdata/pythia_fullsim_full_sample/dr_correction_fits_pp24_full_step3_polyu_fixedRp_ss_nocorr.root	/usatlas/u/yuhanguo/usatlasdata/pythia_fullsim_full_sample/mc_trig_eff/dr_correction/dr_correction_fits_pp24_full_step3_polyu_fixedRp_ss_nocorr.root
/usatlas/u/yuhanguo/usatlasdata/pythia_fullsim_full_sample/dr_correction_fits_pp24_full_step3_polyu_fixedRp_ss.root	/usatlas/u/yuhanguo/usatlasdata/pythia_fullsim_full_sample/mc_trig_eff/dr_correction/dr_correction_fits_pp24_full_step3_polyu_fixedRp_ss.root
/usatlas/u/yuhanguo/usatlasdata/pythia_fullsim_full_sample/dr_correction_fits_pp24_full_step4_expo_os.root	/usatlas/u/yuhanguo/usatlasdata/pythia_fullsim_full_sample/mc_trig_eff/dr_correction/dr_correction_fits_pp24_full_step4_expo_os.root
/usatlas/u/yuhanguo/usatlasdata/pythia_fullsim_full_sample/dr_correction_fits_pp24_full_step4_expo.root	/usatlas/u/yuhanguo/usatlasdata/pythia_fullsim_full_sample/mc_trig_eff/dr_correction/dr_correction_fits_pp24_full_step4_expo.root
/usatlas/u/yuhanguo/usatlasdata/pythia_fullsim_full_sample/dr_correction_fits_pp24_full_step4_expo_ss.root	/usatlas/u/yuhanguo/usatlasdata/pythia_fullsim_full_sample/mc_trig_eff/dr_correction/dr_correction_fits_pp24_full_step4_expo_ss.root
/usatlas/u/yuhanguo/usatlasdata/pythia_fullsim_full_sample/dr_correction_fits_pp24_full_step4_interp_os.root	/usatlas/u/yuhanguo/usatlasdata/pythia_fullsim_full_sample/mc_trig_eff/dr_correction/dr_correction_fits_pp24_full_step4_interp_os.root
/usatlas/u/yuhanguo/usatlasdata/pythia_fullsim_full_sample/dr_correction_fits_pp24_full_step4_interp.root	/usatlas/u/yuhanguo/usatlasdata/pythia_fullsim_full_sample/mc_trig_eff/dr_correction/dr_correction_fits_pp24_full_step4_interp.root
/usatlas/u/yuhanguo/usatlasdata/pythia_fullsim_full_sample/dr_correction_fits_pp24_full_step4_interp_ss.root	/usatlas/u/yuhanguo/usatlasdata/pythia_fullsim_full_sample/mc_trig_eff/dr_correction/dr_correction_fits_pp24_full_step4_interp_ss.root
/usatlas/u/yuhanguo/usatlasdata/pythia_fullsim_full_sample/dr_correction_fits_pp24_full_step4_polyu_fixedRp_os.root	/usatlas/u/yuhanguo/usatlasdata/pythia_fullsim_full_sample/mc_trig_eff/dr_correction/dr_correction_fits_pp24_full_step4_polyu_fixedRp_os.root
/usatlas/u/yuhanguo/usatlasdata/pythia_fullsim_full_sample/dr_correction_fits_pp24_full_step4_polyu_fixedRp.root	/usatlas/u/yuhanguo/usatlasdata/pythia_fullsim_full_sample/mc_trig_eff/dr_correction/dr_correction_fits_pp24_full_step4_polyu_fixedRp.root
/usatlas/u/yuhanguo/usatlasdata/pythia_fullsim_full_sample/dr_correction_fits_pp24_full_step4_polyu_fixedRp_ss.root	/usatlas/u/yuhanguo/usatlasdata/pythia_fullsim_full_sample/mc_trig_eff/dr_correction/dr_correction_fits_pp24_full_step4_polyu_fixedRp_ss.root
/usatlas/u/yuhanguo/usatlasdata/pythia_fullsim_full_sample/pair_trig_eff_pp24_full_medium_wp.root	/usatlas/u/yuhanguo/usatlasdata/pythia_fullsim_full_sample/mc_trig_eff/pair_eff/pair_trig_eff_pp24_full_medium_wp.root
/usatlas/u/yuhanguo/usatlasdata/pythia_fullsim_full_sample/pair_trig_eff_pp24_full.root	/usatlas/u/yuhanguo/usatlasdata/pythia_fullsim_full_sample/mc_trig_eff/pair_eff/pair_trig_eff_pp24_full.root
/usatlas/u/yuhanguo/usatlasdata/pythia_fullsim_full_sample/mc_trig_eff_closure_pp24_full_medium_wp_nocorr_etamerge_ptmerge.root	/usatlas/u/yuhanguo/usatlasdata/pythia_fullsim_full_sample/mc_trig_eff/closure/mc_trig_eff_closure_pp24_full_medium_wp_nocorr_etamerge_ptmerge.root
/usatlas/u/yuhanguo/usatlasdata/pythia_fullsim_full_sample/mc_trig_eff_closure_pp24_full_medium_wp_nocorr_etamerge.root	/usatlas/u/yuhanguo/usatlasdata/pythia_fullsim_full_sample/mc_trig_eff/closure/mc_trig_eff_closure_pp24_full_medium_wp_nocorr_etamerge.root
/usatlas/u/yuhanguo/usatlasdata/pythia_fullsim_full_sample/mc_trig_eff_closure_pp24_full_medium_wp_nocorr_ptmerge.root	/usatlas/u/yuhanguo/usatlasdata/pythia_fullsim_full_sample/mc_trig_eff/closure/mc_trig_eff_closure_pp24_full_medium_wp_nocorr_ptmerge.root
/usatlas/u/yuhanguo/usatlasdata/pythia_fullsim_full_sample/mc_trig_eff_closure_pp24_full_medium_wp_nocorr.root	/usatlas/u/yuhanguo/usatlasdata/pythia_fullsim_full_sample/mc_trig_eff/closure/mc_trig_eff_closure_pp24_full_medium_wp_nocorr.root
/usatlas/u/yuhanguo/usatlasdata/pythia_fullsim_full_sample/mc_trig_eff_closure_pp24_full_medium_wp_pt4bin_nocorr.root	/usatlas/u/yuhanguo/usatlasdata/pythia_fullsim_full_sample/mc_trig_eff/closure/mc_trig_eff_closure_pp24_full_medium_wp_pt4bin_nocorr.root
/usatlas/u/yuhanguo/usatlasdata/pythia_fullsim_full_sample/mc_trig_eff_closure_pp24_full_nocorr_etamerge_ptmerge.root	/usatlas/u/yuhanguo/usatlasdata/pythia_fullsim_full_sample/mc_trig_eff/closure/mc_trig_eff_closure_pp24_full_nocorr_etamerge_ptmerge.root
/usatlas/u/yuhanguo/usatlasdata/pythia_fullsim_full_sample/mc_trig_eff_closure_pp24_full_nocorr_etamerge.root	/usatlas/u/yuhanguo/usatlasdata/pythia_fullsim_full_sample/mc_trig_eff/closure/mc_trig_eff_closure_pp24_full_nocorr_etamerge.root
/usatlas/u/yuhanguo/usatlasdata/pythia_fullsim_full_sample/mc_trig_eff_closure_pp24_full_nocorr_ptmerge.root	/usatlas/u/yuhanguo/usatlasdata/pythia_fullsim_full_sample/mc_trig_eff/closure/mc_trig_eff_closure_pp24_full_nocorr_ptmerge.root
/usatlas/u/yuhanguo/usatlasdata/pythia_fullsim_full_sample/mc_trig_eff_closure_pp24_full_pt4bin_nocorr.root	/usatlas/u/yuhanguo/usatlasdata/pythia_fullsim_full_sample/mc_trig_eff/closure/mc_trig_eff_closure_pp24_full_pt4bin_nocorr.root
/usatlas/u/yuhanguo/usatlasdata/pythia_fullsim_full_sample/pair_reco_eff_pp24_full.root	/usatlas/u/yuhanguo/usatlasdata/pythia_fullsim_full_sample/reco_eff/pair_reco_eff_pp24_full.root
/usatlas/u/yuhanguo/usatlasdata/pythia_fullsim_full_sample/opposite_sign_pt_vs_abs_eta_counts_current.csv	/usatlas/u/yuhanguo/usatlasdata/pythia_fullsim_full_sample/plots/projected_stats/opposite_sign_pt_vs_abs_eta_counts_current.csv
/usatlas/u/yuhanguo/usatlasdata/pythia_fullsim_full_sample/opposite_sign_pt_vs_abs_eta_counts_projected.csv	/usatlas/u/yuhanguo/usatlasdata/pythia_fullsim_full_sample/plots/projected_stats/opposite_sign_pt_vs_abs_eta_counts_projected.csv
/usatlas/u/yuhanguo/usatlasdata/pythia_fullsim_full_sample/same_sign_pt_vs_abs_eta_counts_current.csv	/usatlas/u/yuhanguo/usatlasdata/pythia_fullsim_full_sample/plots/projected_stats/same_sign_pt_vs_abs_eta_counts_current.csv
/usatlas/u/yuhanguo/usatlasdata/pythia_fullsim_full_sample/same_sign_pt_vs_abs_eta_counts_projected.csv	/usatlas/u/yuhanguo/usatlasdata/pythia_fullsim_full_sample/plots/projected_stats/same_sign_pt_vs_abs_eta_counts_projected.csv
/usatlas/u/yuhanguo/usatlasdata/pythia_fullsim_full_sample/farm_driver.log	/usatlas/u/yuhanguo/usatlasdata/pythia_fullsim_full_sample/logs/farm_driver.log
/usatlas/u/yuhanguo/usatlasdata/pythia_fullsim_full_sample/medium_wp_pass_20260721_121532.log	/usatlas/u/yuhanguo/usatlasdata/pythia_fullsim_full_sample/logs/medium_wp_pass_20260721_121532.log
/usatlas/u/yuhanguo/usatlasdata/pythia_fullsim_full_sample/pipeline_run_tight_20260720_181419.log	/usatlas/u/yuhanguo/usatlasdata/pythia_fullsim_full_sample/logs/pipeline_run_tight_20260720_181419.log
/usatlas/u/yuhanguo/usatlasdata/pythia_fullsim_full_sample/trigeff_rerun_tight_20260720_221052.log	/usatlas/u/yuhanguo/usatlasdata/pythia_fullsim_full_sample/logs/trigeff_rerun_tight_20260720_221052.log
/usatlas/u/yuhanguo/usatlasdata/pythia_fullsim_full_sample/mc_trig_eff_fit_plots	/usatlas/u/yuhanguo/usatlasdata/pythia_fullsim_full_sample/backup/mc_trig_eff_fit_plots
